time,latitude,longitude,depth,mag,magType,nst,gap,dmin,rms,net,id,updated,place,type,horizontalError,depthError,magError,magNst,status,locationSource,magSource
2013-02-28T14:05:50.250Z,50.954,157.283,41,6.9,mww,531,20.7,,0.94,us,usc000febi,2020-07-10T18:53:04.847Z,"81 km SE of Ozernovskiy, Russia",earthquake,,,,,reviewed,us,us
2009-04-21T05:26:11.520Z,50.833,155.009,152,6.2,mwb,485,19.8,,0.79,us,usp000gwef,2020-09-21T16:04:48.935Z,"80 km WNW of Severo-Kuril’sk, Russia",earthquake,,,,,reviewed,us,us
1974-05-15T18:59:55.900Z,50.05,156.113,56,6.1,mb,,,,,us,usp00006cw,2020-07-10T20:11:43.145Z,Kuril Islands,earthquake,,,,,reviewed,us,us
1973-11-08T08:59:10.000Z,50.052,156.309,33,6.1,ms,,,,,us,usp0000431,2020-07-10T19:54:35.755Z,"70 km S of Severo-Kuril’sk, Russia",earthquake,,,,,reviewed,us,us
2006-08-20T03:01:02.410Z,49.823,156.415,26,6,mwc,659,77.6,,0.8,us,usp000erbz,2016-11-10T01:27:14.854Z,"97 km SSE of Severo-Kuril’sk, Russia",earthquake,,,,,reviewed,us,hrv
1973-11-11T02:43:06.200Z,49.975,156.356,51,6,mb,,,,,us,usp0000444,2015-05-13T18:53:08.000Z,"79 km SSE of Severo-Kuril’sk, Russia",earthquake,,,,,reviewed,us,us
1995-09-30T10:47:58.110Z,50.829,157.341,44.8,6,mw,,,,0.9,us,usp0007478,2020-09-15T18:17:29.214Z,"87 km E of Severo-Kuril’sk, Russia",earthquake,,,,,reviewed,us,hrv
1999-08-06T00:32:41.720Z,49.933,156.261,57.8,5.9,mwc,,,,0.8,us,usp0009cp6,2016-11-09T23:10:39.847Z,"83 km S of Severo-Kuril’sk, Russia",earthquake,,,,,reviewed,us,hrv
2008-08-04T04:42:14.850Z,49.852,156.38,76.9,5.8,mwc,557,52.4,,0.86,us,usp000gdtk,2016-11-10T01:59:36.590Z,"93 km S of Severo-Kuril’sk, Russia",earthquake,,4.3,,,reviewed,us,us
1978-08-14T18:46:24.100Z,49.871,156.276,86,5.8,mb,,,,,us,usp0000w2c,2016-11-09T23:14:45.513Z,"90 km S of Severo-Kuril’sk, Russia",earthquake,,,,,reviewed,us,us
2013-03-09T14:56:28.810Z,50.892,157.218,39,5.8,mww,511,37.9,,0.82,us,usb000fhxq,2014-11-07T01:50:18.916Z,"80 km ENE of Severo-Kuril’sk, Russia",earthquake,,,,,reviewed,us,us
1981-02-26T14:39:31.800Z,49.806,156.248,33,5.6,mb,,,,0.9,us,usp0001ce8,2016-11-09T21:58:01.295Z,"97 km S of Severo-Kuril’sk, Russia",earthquake,,,,62,reviewed,us,us
2002-11-16T12:06:25.170Z,50.375,156.562,96,5.6,mwb,421,,,0.83,us,usp000bhta,2020-09-18T19:11:39.521Z,"45 km SE of Severo-Kuril’sk, Russia",earthquake,,,,,reviewed,us,us
1974-05-27T04:41:23.600Z,50.833,157.349,47,5.6,mb,,,,,us,usp00006hf,2015-05-13T18:53:09.000Z,"88 km E of Severo-Kuril’sk, Russia",earthquake,,,,,reviewed,us,us
1980-01-07T20:06:57.300Z,51.324,156.671,112,5.6,mb,,,,,us,usp00014x4,2020-08-26T20:48:26.733Z,"22 km SSE of Ozernovskiy, Russia",earthquake,,,,,reviewed,us,us
1993-02-27T18:38:10.080Z,49.842,156.193,34.9,5.5,mw,,,,0.9,us,usp0005nrs,2016-11-09T21:58:34.317Z,"92 km S of Severo-Kuril’sk, Russia",earthquake,,,,,reviewed,us,hrv
2002-12-24T14:43:07.070Z,50.007,156.164,67.2,5.5,mwb,434,,,0.87,us,usp000bmb9,2016-11-09T04:42:22.529Z,Kuril Islands,earthquake,,5.7,,,reviewed,us,us
1978-10-28T16:30:18.300Z,50.246,155.692,135,5.5,mb,,,,,us,usp0000x5k,2016-11-09T23:49:48.192Z,"56 km SSW of Severo-Kuril’sk, Russia",earthquake,,,,,reviewed,us,us
2014-06-07T13:11:35.990Z,50.6829,157.0663,41.06,5.5,mww,,95,2.459,0.78,us,usc000rche,2014-08-30T17:02:55.000Z,"66 km E of Severo-Kuril’sk, Russia",earthquake,,4.5,,,reviewed,us,us
1990-03-10T10:15:03.900Z,50.907,157.244,50.6,5.5,mw,,,,0.9,us,usp00046dt,2016-11-09T22:03:01.948Z,"82 km ENE of Severo-Kuril’sk, Russia",earthquake,,,,,reviewed,us,hrv
2003-11-07T03:59:07.970Z,50.976,157.223,66,5.5,mwb,485,41.4,,0.91,us,usp000cc8q,2016-11-09T23:54:29.337Z,"76 km SE of Ozernovskiy, Russia",earthquake,,,,,reviewed,us,us
1976-11-17T05:33:34.600Z,50.983,156.223,112,5.5,mb,,,,,us,usp0000kc6,2020-08-26T01:15:35.492Z,"34 km N of Severo-Kuril’sk, Russia",earthquake,,,,,reviewed,us,us
2005-01-20T02:59:10.500Z,49.825,156.176,38.4,5.4,mwc,336,84.7,,0.83,us,usp000ddue,2016-11-10T00:58:41.842Z,"94 km S of Severo-Kuril’sk, Russia",earthquake,,6.7,,,reviewed,us,hrv
2018-09-15T15:40:15.070Z,49.8508,156.1699,49.28,5.4,mww,,53,3.399,0.65,us,us2000hf6l,2018-11-21T18:19:12.040Z,"91 km S of Severo-Kuril’sk, Russia",earthquake,8.3,4.2,0.075,17,reviewed,us,us
1987-07-11T05:13:15.180Z,50.201,156.278,75.1,5.4,mw,,,,0.9,us,usp00036jd,2016-11-09T22:57:49.572Z,"53 km SSE of Severo-Kuril’sk, Russia",earthquake,,,,,reviewed,us,hrv
2000-11-01T23:16:36.050Z,50.41,155.783,133.6,5.4,mwc,267,,,0.88,us,usp000a2ur,2016-11-09T23:51:40.201Z,"38 km SW of Severo-Kuril’sk, Russia",earthquake,,,,,reviewed,us,hrv
2014-04-07T09:34:50.880Z,50.4282,156.2629,93.87,5.4,mb,,47,2.828,1.04,us,usc000p8ky,2014-06-11T06:06:11.000Z,"29 km SSE of Severo-Kuril’sk, Russia",earthquake,,4.9,0.025,588,reviewed,us,us
1997-02-03T07:53:24.220Z,50.812,155.382,158.1,5.4,mwc,,,,0.85,us,usp0007wq6,2016-11-09T21:48:18.796Z,"54 km WNW of Severo-Kuril’sk, Russia",earthquake,,,,,reviewed,us,hrv
1988-07-28T03:58:17.980Z,51.005,156.847,117.2,5.4,mw,,,,0.9,us,usp0003jae,2016-11-09T23:05:33.505Z,"59 km SSE of Ozernovskiy, Russia",earthquake,,,,,reviewed,us,hrv
1987-05-12T04:03:58.990Z,49.988,156.283,46.6,5.3,mb,,,,0.9,us,usp00034xv,2014-11-07T00:40:24.557Z,"77 km S of Severo-Kuril’sk, Russia",earthquake,,,,65,reviewed,us,us
2020-11-27T18:45:10.215Z,49.997,156.371,52.26,5.3,mww,,58,3.224,0.67,us,us7000ckgb,2021-02-06T18:28:40.040Z,"77 km SSE of Severo-Kuril’sk, Russia",earthquake,7.5,4.5,0.073,18,reviewed,us,us
1977-05-12T21:37:33.400Z,50.161,154.987,126,5.3,mb,,,,,us,usp0000nv3,2016-11-09T22:30:18.589Z,"99 km SW of Severo-Kuril’sk, Russia",earthquake,,,,,reviewed,us,us
1988-09-11T11:33:13.020Z,50.344,155.17,118.5,5.3,mw,,,,0.9,us,usp0003kw9,2016-11-09T23:27:37.195Z,Kuril Islands,earthquake,,,,,reviewed,us,hrv
2013-03-04T20:56:35.370Z,50.813,157.223,49.2,5.3,mb,464,86.9,,0.74,us,usc000fg2g,2014-11-07T01:50:17.681Z,Kuril Islands,earthquake,,,,296,reviewed,us,us
2017-06-03T11:47:23.270Z,50.8161,157.3446,44,5.3,mww,,35,2.306,1.06,us,us20009khw,2017-08-15T02:26:52.040Z,"87 km E of Severo-Kuril’sk, Russia",earthquake,4.9,1.8,0.069,20,reviewed,us,us
2003-05-29T05:59:07.660Z,50.878,157.301,49.4,5.3,mwc,428,52.4,,0.89,us,usp000byf1,2016-11-09T22:38:02.170Z,"85 km ENE of Severo-Kuril’sk, Russia",earthquake,,,,,reviewed,us,hrv
1982-08-08T06:14:09.520Z,51.052,156.44,140,5.3,mb,,,,0.8,us,usp0001nwr,2016-11-08T23:57:35.606Z,"47 km NNE of Severo-Kuril’sk, Russia",earthquake,,,,63,reviewed,us,us
1985-08-24T16:00:03.420Z,50.197,156.72,80.1,5.2,mb,,,,0.8,us,usp0002j3k,2014-11-07T00:37:03.244Z,"67 km SE of Severo-Kuril’sk, Russia",earthquake,,,,37,reviewed,us,us
1992-12-08T05:22:54.020Z,50.519,157.372,37,5.2,mb,,,,1,us,usp0005hyq,2014-11-07T00:52:00.979Z,"89 km ESE of Severo-Kuril’sk, Russia",earthquake,,,,64,reviewed,us,us
2005-09-29T09:17:39.040Z,50.568,157.151,36.9,5.2,mwc,229,98.7,,0.69,us,usp000e0ge,2016-11-10T01:12:13.064Z,"73 km E of Severo-Kuril’sk, Russia",earthquake,,,,,reviewed,us,hrv
2018-06-12T23:45:54.560Z,50.5863,156.3543,84.62,5.2,mb,,74,2.659,1.12,us,us1000epg1,2018-09-07T17:47:01.040Z,"18 km ESE of Severo-Kuril’sk, Russia",earthquake,8,5.4,0.024,560,reviewed,us,us
1999-04-19T09:12:47.520Z,50.888,156.423,118,5.2,mwc,,,,0.73,us,usp00096jh,2016-11-09T22:20:28.867Z,"31 km NE of Severo-Kuril’sk, Russia",earthquake,,,,,reviewed,us,hrv
1983-04-25T14:00:43.110Z,51.32,156.885,96,5.2,mb,,,,0.9,us,usp0001us6,2016-11-09T22:22:48.116Z,"33 km SE of Ozernovskiy, Russia",earthquake,,,,52,reviewed,us,us
1977-10-04T21:34:43.500Z,51.489,156.617,95,5.2,mb,,,,,us,usp0000qws,2014-11-06T23:21:44.464Z,"8 km E of Ozernovskiy, Russia",earthquake,,,,,reviewed,us,us
1976-11-06T15:00:51.600Z,50.007,156.948,33,5.1,mb,,,,,us,usp0000k7b,2014-11-06T23:21:38.081Z,"94 km SE of Severo-Kuril’sk, Russia",earthquake,,,,,reviewed,us,us
1998-01-11T09:09:56.700Z,50.195,156.36,70.2,5.1,mwc,,,,0.72,us,usp0008e3c,2016-11-09T21:39:02.686Z,"55 km SSE of Severo-Kuril’sk, Russia",earthquake,,,,,reviewed,us,hrv
2021-06-06T16:01:41.439Z,50.2748,157.2415,57.42,5.1,mb,,104,2.889,0.51,us,us7000eahg,2021-08-24T21:34:49.040Z,"90 km ESE of Severo-Kuril’sk, Russia",earthquake,3.6,5.5,0.022,651,reviewed,us,us
1975-11-13T15:48:46.000Z,50.303,156.69,69,5.1,mb,,,,,us,usp0000dju,2014-11-06T23:21:32.693Z,"57 km SE of Severo-Kuril’sk, Russia",earthquake,,,,,reviewed,us,us
2017-08-10T07:07:52.030Z,50.5453,157.3699,80.46,5.1,mb,,108,2.575,0.91,us,us2000a6ti,2017-10-25T00:38:06.040Z,"89 km E of Severo-Kuril’sk, Russia",earthquake,8.8,3.6,0.058,98,reviewed,us,us
1993-11-22T04:16:51.310Z,50.747,156.556,85.1,5.1,mb,,,,0.9,us,usp000641e,2014-11-07T00:54:26.339Z,"31 km ENE of Severo-Kuril’sk, Russia",earthquake,,5.1,,84,reviewed,us,us
1974-12-20T12:16:47.200Z,50.767,157.263,33,5.1,mb,,,,,us,usp000096h,2014-11-06T23:21:27.917Z,"80 km E of Severo-Kuril’sk, Russia",earthquake,,,,,reviewed,us,us
1984-07-23T00:00:35.330Z,50.801,157.047,55.3,5.1,mb,,,,0.8,us,usp00025xf,2014-11-07T00:35:12.507Z,"66 km ENE of Severo-Kuril’sk, Russia",earthquake,,,,45,reviewed,us,us
2011-03-14T20:41:24.850Z,50.964,156.532,131.1,5.1,mwc,263,72.5,,0.89,us,usp000hx8e,2014-11-07T01:44:09.020Z,"42 km NE of Severo-Kuril’sk, Russia",earthquake,,,,,reviewed,us,gcmt
1977-02-22T01:33:13.800Z,51.163,156.54,96,5.1,mb,,,,,us,usp0000mny,2014-11-06T23:21:39.942Z,"37 km S of Ozernovskiy, Russia",earthquake,,,,,reviewed,us,us
1976-05-02T15:20:24.900Z,49.783,155.953,33,5,mb,,,,,us,usp0000g4a,2014-11-06T23:21:34.990Z,"100 km S of Severo-Kuril’sk, Russia",earthquake,,,,,reviewed,us,us
1983-07-04T20:51:19.980Z,49.82,155.654,47.9,5,mb,,,,0.8,us,usp0001wjt,2014-11-07T00:33:25.740Z,"100 km SSW of Severo-Kuril’sk, Russia",earthquake,,10.7,,29,reviewed,us,us
1974-02-07T19:04:07.000Z,50.003,156.404,46,5,mb,,,,,us,usp000057n,2014-11-06T23:21:22.757Z,"77 km SSE of Severo-Kuril’sk, Russia",earthquake,,,,,reviewed,us,us
2003-01-29T17:47:20.490Z,50.073,156.777,71.4,5,mb,139,,,1.05,us,usp000bpjb,2014-11-07T01:17:39.585Z,"81 km SE of Severo-Kuril’sk, Russia",earthquake,,,,70,reviewed,us,us
1994-12-05T05:15:22.950Z,50.236,156.503,33,5,mb,,,,0.9,us,usp0006ppj,2014-11-07T00:56:55.000Z,"55 km SSE of Severo-Kuril’sk, Russia",earthquake,,,,5,reviewed,us,us
2005-06-06T22:37:19.360Z,50.721,157.009,48.2,5,mwc,188,98.2,,0.7,us,usp000dscr,2016-11-10T01:07:06.496Z,"62 km E of Severo-Kuril’sk, Russia",earthquake,,,,,reviewed,us,hrv
1982-08-20T12:07:03.070Z,50.788,155.617,33,5,mb,,,,0.5,us,usp0001p5k,2014-11-07T00:31:47.023Z,"38 km WNW of Severo-Kuril’sk, Russia",earthquake,,,,23,reviewed,us,us
2000-03-10T04:00:18.460Z,50.822,157.105,55,5,mb,,,,0.81,us,usp0009pgt,2014-11-07T01:09:40.486Z,"70 km ENE of Severo-Kuril’sk, Russia",earthquake,,,,79,reviewed,us,us
1983-08-20T14:48:26.560Z,50.929,156.118,84.1,5,mb,,,,0.8,us,usp0001xth,2014-11-07T00:33:39.153Z,"28 km N of Severo-Kuril’sk, Russia",earthquake,,8.8,,35,reviewed,us,us
1978-04-07T15:34:30.900Z,51.055,156.59,141,5,mb,,,,,us,usp0000tz0,2014-11-06T23:21:48.376Z,"49 km S of Ozernovskiy, Russia",earthquake,,,,,reviewed,us,us
2013-10-24T01:37:35.720Z,51.1189,156.7444,145.99,5,mb,,80,2.077,0.7,us,usc000km28,2014-01-03T00:32:52.000Z,"45 km SSE of Ozernovskiy, Russia",earthquake,,4.4,0.029,,reviewed,us,us
1983-04-28T08:58:06.850Z,51.174,156.277,120,5,mb,,,,0.9,us,usp0001uuf,2014-11-07T00:33:02.402Z,"39 km SSW of Ozernovskiy, Russia",earthquake,,,,30,reviewed,us,us
2019-12-05T12:38:28.737Z,49.8534,156.0659,58.33,4.9,mb,,83,3.415,0.74,us,us60006mdm,2020-02-29T19:52:51.040Z,"91 km S of Severo-Kuril’sk, Russia",earthquake,9,2.9,0.045,153,reviewed,us,us
2003-06-03T12:07:38.890Z,49.918,156.534,47.3,4.9,mb,131,135.4,,0.94,us,usp000byyf,2014-11-07T01:18:49.772Z,"89 km SSE of Severo-Kuril’sk, Russia",earthquake,,,,61,reviewed,us,us
2017-05-11T08:31:22.980Z,50.1175,155.5425,107.85,4.9,mb,,124,3.282,0.82,us,us10008rfu,2017-08-01T23:02:29.040Z,"74 km SSW of Severo-Kuril’sk, Russia",earthquake,9.2,7.5,0.062,82,reviewed,us,us
2017-12-24T00:15:46.170Z,50.155,155.8935,113.48,4.9,mb,,134,3.164,0.62,us,us1000bvhm,2018-03-17T01:54:33.040Z,"60 km SSW of Severo-Kuril’sk, Russia",earthquake,10,6.7,0.051,120,reviewed,us,us
2014-09-04T14:27:51.910Z,50.2618,156.2104,94.83,4.9,mb,,109,2.997,0.92,us,usc000s9ze,2014-12-05T23:36:31.040Z,"46 km S of Severo-Kuril’sk, Russia",earthquake,9.4,6,0.053,125,reviewed,us,us
2000-02-19T18:53:24.450Z,50.28,156.929,40.3,4.9,mb,,,,1.07,us,usp0009npg,2014-11-07T01:09:31.709Z,"71 km SE of Severo-Kuril’sk, Russia",earthquake,,,,31,reviewed,us,us
1999-08-11T14:18:21.030Z,50.29,157.247,33,4.9,mb,,,,0.84,us,usp0009cwr,2014-11-07T01:08:15.710Z,"90 km ESE of Severo-Kuril’sk, Russia",earthquake,,,,37,reviewed,us,us
2018-08-02T21:58:00.190Z,50.3103,156.4979,61.83,4.9,mb,,53,3.029,0.53,us,us1000g29y,2018-10-16T15:34:11.040Z,"48 km SSE of Severo-Kuril’sk, Russia",earthquake,8.4,6.1,0.026,447,reviewed,us,us
1973-12-09T07:27:44.700Z,50.381,156.464,33,4.9,mb,,,,,us,usp00004g3,2014-11-06T23:21:21.785Z,"40 km SE of Severo-Kuril’sk, Russia",earthquake,,,,,reviewed,us,us
1983-08-29T10:10:32.070Z,50.397,156.663,60.5,4.9,mb,,,,0.9,us,usp0001y0y,2014-11-07T00:33:40.518Z,"49 km SE of Severo-Kuril’sk, Russia",earthquake,,,,22,reviewed,us,us
1999-05-29T12:54:36.820Z,50.474,156.268,77.7,4.9,mb,,,,0.86,us,usp00098z9,2014-11-07T01:07:44.648Z,"24 km SSE of Severo-Kuril’sk, Russia",earthquake,,,,28,reviewed,us,us
2013-10-04T01:38:18.440Z,50.5829,157.3121,64.5,4.9,mb,,88,2.54,0.58,us,usb000k60e,2013-12-19T02:51:34.000Z,"84 km E of Severo-Kuril’sk, Russia",earthquake,,5,0.037,,reviewed,us,us
1974-02-09T18:22:14.800Z,50.613,157.238,57,4.9,mb,,,,,us,usp000058m,2014-11-06T23:21:22.788Z,"78 km E of Severo-Kuril’sk, Russia",earthquake,,,,,reviewed,us,us
1984-12-04T17:07:07.240Z,50.697,157.423,33,4.9,mb,,,,0.9,us,usp00029sj,2014-11-07T00:35:49.419Z,"91 km E of Severo-Kuril’sk, Russia",earthquake,,,,36,reviewed,us,us
2012-06-25T21:16:05.320Z,50.937,156.979,66.4,4.9,mb,289,87.2,,0.77,us,usp000jn7q,2014-11-07T01:48:09.113Z,"66 km ENE of Severo-Kuril’sk, Russia",earthquake,,3,,175,reviewed,us,us
1995-06-15T05:31:46.980Z,51.092,156.26,124.1,4.9,mb,,,,1,us,usp0006z3u,2014-11-07T00:58:09.004Z,"Kamchatka Peninsula, Russia",earthquake,,,,76,reviewed,us,us
2003-12-30T02:56:08.900Z,51.179,156.081,137.5,4.9,mb,123,123.8,,0.97,us,usp000cgh3,2014-11-07T01:20:51.432Z,"45 km SW of Ozernovskiy, Russia",earthquake,,,,50,reviewed,us,us
1978-12-10T05:37:43.300Z,51.314,156.471,120,4.9,mb,,,,,us,usp0000xva,2014-11-06T23:21:54.845Z,"20 km S of Ozernovskiy, Russia",earthquake,,,,,reviewed,us,us
2016-01-22T13:26:45.520Z,49.8187,155.7684,67.19,4.8,mb,,101,3.508,0.6,us,us10004gdm,2016-04-08T23:06:08.040Z,"98 km SSW of Severo-Kuril’sk, Russia",earthquake,8.9,4.3,0.051,120,reviewed,us,us
1984-07-24T01:24:08.850Z,49.965,155.477,33,4.8,mb,,,,0.6,us,usp00025yb,2014-11-07T00:35:12.691Z,"91 km SSW of Severo-Kuril’sk, Russia",earthquake,,,,15,reviewed,us,us
2002-06-18T23:09:46.270Z,49.998,155.434,111.6,4.8,mb,228,,,0.94,us,usp000b6et,2014-11-07T01:15:51.470Z,"90 km SSW of Severo-Kuril’sk, Russia",earthquake,,,,86,reviewed,us,us
2015-04-03T04:33:37.670Z,49.9991,156.1467,93.7,4.8,mb,,109,3.26,0.64,us,us10001thw,2015-06-16T01:00:24.040Z,"75 km S of Severo-Kuril’sk, Russia",earthquake,9.6,5.9,0.036,234,reviewed,us,us
2004-07-16T08:24:51.620Z,50.003,156.26,50.4,4.8,mb,140,86.2,,0.8,us,usp000d091,2014-11-07T01:22:54.607Z,"75 km S of Severo-Kuril’sk, Russia",earthquake,,,,72,reviewed,us,us
1991-04-28T23:54:30.970Z,50.01,156.123,66.3,4.8,mb,,,,0.9,us,usp0004qyu,2014-11-07T00:48:27.919Z,Kuril Islands,earthquake,,10.8,,53,reviewed,us,us
2001-09-16T17:03:12.780Z,50.018,156.312,47.6,4.8,mb,98,,,1.04,us,usp000ap9w,2014-11-07T01:13:48.562Z,"74 km S of Severo-Kuril’sk, Russia",earthquake,,,,49,reviewed,us,us
1990-02-10T04:50:00.690Z,50.086,155.916,114.4,4.8,mb,,,,1,us,usp000459a,2014-11-07T00:45:42.017Z,"67 km SSW of Severo-Kuril’sk, Russia",earthquake,,,,43,reviewed,us,us
2012-10-22T11:58:26.200Z,50.14,156.825,62.1,4.8,mb,219,86.1,,0.73,us,usp000juae,2014-11-07T01:49:07.822Z,"77 km SE of Severo-Kuril’sk, Russia",earthquake,,3.3,,118,reviewed,us,us
1980-08-13T11:35:02.000Z,50.191,154.92,119,4.8,mb,,,,,us,usp00019cs,2014-11-06T23:24:25.194Z,"101 km WSW of Severo-Kuril’sk, Russia",earthquake,,,,,reviewed,us,us
2018-02-21T07:18:55.360Z,50.2395,155.2213,147.3,4.8,mb,,164,3.26,0.58,us,us2000d5rs,2018-05-22T02:00:20.040Z,"80 km SW of Severo-Kuril’sk, Russia",earthquake,11.4,8.4,0.036,234,reviewed,us,us
1974-04-22T13:41:50.400Z,50.32,156.702,45,4.8,mb,,,,,us,usp000062a,2014-11-06T23:21:23.903Z,"56 km SE of Severo-Kuril’sk, Russia",earthquake,,,,,reviewed,us,us
2021-03-22T22:24:51.548Z,50.3744,155.0999,140.44,4.8,mb,,91,3.178,0.92,us,us6000dvkj,2021-06-02T15:22:15.040Z,"80 km WSW of Severo-Kuril’sk, Russia",earthquake,9.4,5.1,0.03,344,reviewed,us,us
2016-02-25T07:37:10.140Z,50.3792,156.425,78.24,4.8,mb,,90,2.845,0.74,us,us10004siv,2016-05-03T23:44:21.040Z,"39 km SSE of Severo-Kuril’sk, Russia",earthquake,9.1,3.6,0.064,75,reviewed,us,us
2015-09-01T04:48:10.590Z,50.5611,156.8661,90.93,4.8,mb,,107,2.602,0.61,us,us20003fab,2015-12-01T00:36:07.040Z,"53 km ESE of Severo-Kuril’sk, Russia",earthquake,6.6,6.6,0.033,282,reviewed,us,us
2013-10-04T07:50:45.400Z,50.5696,157.2948,61.26,4.8,mb,,63,2.554,0.66,us,usb000k65z,2013-12-19T02:51:34.000Z,"83 km E of Severo-Kuril’sk, Russia",earthquake,,5.6,0.049,,reviewed,us,us
1996-09-06T08:06:41.040Z,50.659,157.104,33,4.8,mb,,,,0.77,us,usp0007ph3,2014-11-07T01:01:07.619Z,Kuril Islands,earthquake,,,,31,reviewed,us,us
1996-08-22T06:55:59.030Z,50.87,155.855,104.5,4.8,mb,,,,0.8,us,usp0007nwz,2014-11-07T01:01:00.818Z,"28 km NW of Severo-Kuril’sk, Russia",earthquake,,,,58,reviewed,us,us
1997-07-03T18:07:13.740Z,50.978,156.258,63,4.8,mb,,,,0.98,us,usp00084a7,2014-11-07T01:03:04.869Z,"34 km NNE of Severo-Kuril’sk, Russia",earthquake,,,,27,reviewed,us,us
2019-11-27T13:46:13.631Z,51.0353,156.2154,126.4,4.8,mb,,73,2.269,0.79,us,us70006drk,2020-02-19T18:58:12.040Z,"40 km N of Severo-Kuril’sk, Russia",earthquake,8.5,4.7,0.058,98,reviewed,us,us
1996-03-23T07:10:37.940Z,51.055,157.195,33,4.8,mb,,,,1,us,usp0007f5x,2014-11-07T01:00:08.098Z,"68 km SE of Ozernovskiy, Russia",earthquake,,,,63,reviewed,us,us
2005-09-09T11:42:52.720Z,51.06,156.153,135.9,4.8,mb,178,54.4,,0.75,us,usp000dz38,2014-11-07T01:27:02.628Z,"42 km N of Severo-Kuril’sk, Russia",earthquake,,,,96,reviewed,us,us
2001-01-22T03:17:35.040Z,51.155,156.562,133.8,4.8,mb,171,,,0.84,us,usp000a849,2014-11-07T01:11:57.946Z,"38 km S of Ozernovskiy, Russia",earthquake,,,,63,reviewed,us,us
2009-05-11T16:09:32.720Z,51.235,156.358,149.1,4.8,mb,107,102.1,,0.72,us,usp000gx12,2014-11-07T01:38:56.722Z,"30 km SSW of Ozernovskiy, Russia",earthquake,,,,52,reviewed,us,us
1977-12-10T21:58:51.300Z,51.379,156.59,132,4.8,mb,,,,,us,usp0000s0n,2014-11-06T23:21:45.911Z,"14 km SSE of Ozernovskiy, Russia",earthquake,,,,,reviewed,us,us
1976-08-14T19:08:22.900Z,51.422,156.781,33,4.8,mb,,,,,us,usp0000hue,2014-11-06T23:21:36.703Z,"21 km ESE of Ozernovskiy, Russia",earthquake,,,,,reviewed,us,us
2012-05-18T11:46:25.760Z,49.813,155.948,77.5,4.7,mb,252,64.3,,0.81,us,usp000jkjp,2014-11-07T01:47:48.532Z,"96 km S of Severo-Kuril’sk, Russia",earthquake,,,,183,reviewed,us,us
2017-11-25T19:21:34.630Z,49.8274,156.2043,54.45,4.7,mb,,128,3.415,0.57,us,us2000bucg,2018-02-14T02:01:15.040Z,"94 km S of Severo-Kuril’sk, Russia",earthquake,9.9,6.9,0.064,75,reviewed,us,us
2011-08-31T15:01:06.480Z,50.077,156.46,82.1,4.7,mb,121,108.9,,0.78,us,usp000j7aw,2014-11-07T01:45:45.188Z,"70 km SSE of Severo-Kuril’sk, Russia",earthquake,,5.4,,73,reviewed,us,us
2015-12-04T17:29:13.070Z,50.2429,156.8297,57.56,4.7,mb,,179,2.92,0.58,us,us1000455v,2016-03-02T03:36:31.040Z,"69 km SE of Severo-Kuril’sk, Russia",earthquake,5.8,10.4,0.152,13,reviewed,us,us
1999-05-25T14:19:05.920Z,50.254,155.386,143.8,4.7,mb,,,,0.77,us,usp00098r6,2014-11-07T01:07:43.228Z,"70 km SW of Severo-Kuril’sk, Russia",earthquake,,11.3,,61,reviewed,us,us
2001-03-12T10:12:20.900Z,50.291,156.757,51.1,4.7,mb,85,,,0.96,us,usp000ab9b,2014-11-07T01:12:20.204Z,"61 km SE of Severo-Kuril’sk, Russia",earthquake,,,,35,reviewed,us,us
1982-04-22T02:50:30.510Z,50.308,155.574,33,4.7,mb,,,,0.8,us,usp0001kvp,2014-11-07T00:31:10.225Z,"56 km SW of Severo-Kuril’sk, Russia",earthquake,,,,10,reviewed,us,us
2001-08-16T07:36:57.590Z,50.377,156.446,75.1,4.7,mb,87,,,0.97,us,usp000amj7,2014-11-07T01:13:34.016Z,"40 km SE of Severo-Kuril’sk, Russia",earthquake,,6.1,,31,reviewed,us,us
1988-02-24T23:30:53.380Z,50.488,155.251,33,4.7,mb,,,,0.9,us,usp0003db2,2014-11-07T00:41:41.140Z,"65 km WSW of Severo-Kuril’sk, Russia",earthquake,,,,20,reviewed,us,us
1978-09-25T21:39:05.800Z,50.641,156.504,58,4.7,mb,,,,,us,usp0000wqy,2014-11-06T23:21:52.544Z,"26 km E of Severo-Kuril’sk, Russia",earthquake,,,,,reviewed,us,us
1989-03-18T22:46:39.710Z,50.644,156.624,33,4.7,mb,,,,0.7,us,usp0003t1e,2014-11-07T00:43:49.854Z,"35 km E of Severo-Kuril’sk, Russia",earthquake,,,,22,reviewed,us,us
1996-01-06T09:18:54.960Z,50.718,157.343,58.7,4.7,mb,,,,1,us,usp0007afj,2014-11-07T00:59:37.074Z,"86 km E of Severo-Kuril’sk, Russia",earthquake,,8.3,,37,reviewed,us,us
2020-06-30T15:48:45.013Z,50.8123,157.0508,69.24,4.7,mb,,110,2.334,0.6,us,us7000af6i,2020-09-05T17:35:37.040Z,"66 km ENE of Severo-Kuril’sk, Russia",earthquake,6.4,5.1,0.038,212,reviewed,us,us
1995-01-18T19:38:22.390Z,50.957,156.437,137.4,4.7,mb,,,,0.9,us,usp0006rjn,2014-11-07T00:57:09.465Z,"38 km NE of Severo-Kuril’sk, Russia",earthquake,,5.6,,45,reviewed,us,us
1987-12-27T16:23:10.850Z,50.968,157.203,33,4.7,mb,,,,1,us,usp0003bkr,2014-11-07T00:41:25.222Z,"76 km SE of Ozernovskiy, Russia",earthquake,,,,28,reviewed,us,us
1986-01-17T19:13:54.070Z,50.991,156.053,33,4.7,mb,,,,0.8,us,usp0002q5x,2014-11-07T00:37:47.888Z,"35 km N of Severo-Kuril’sk, Russia",earthquake,,,,24,reviewed,us,us
2011-08-20T12:54:17.090Z,51.096,157.055,84.5,4.7,mb,99,110.4,,0.76,us,usp000j6qu,2014-11-07T01:45:38.639Z,"58 km SE of Ozernovskiy, Russia",earthquake,,4.3,,41,reviewed,us,us
2013-11-28T19:56:13.520Z,51.4174,156.8366,129.63,4.7,mb,,137,1.774,0.64,us,usb000la66,2014-02-12T01:08:36.000Z,"24 km ESE of Ozernovskiy, Russia",earthquake,,6.2,0.166,,reviewed,us,us
2011-10-27T05:56:19.750Z,49.801,155.844,74.8,4.6,mb,79,129.5,,0.92,us,usp000j9z1,2014-11-07T01:46:11.573Z,"99 km SSW of Severo-Kuril’sk, Russia",earthquake,,5.1,,39,reviewed,us,us
2017-07-23T12:54:11.470Z,49.8077,156.1112,85.7,4.6,mb,,160,3.451,0.56,us,us2000a01k,2017-10-14T00:19:36.040Z,"96 km S of Severo-Kuril’sk, Russia",earthquake,10.3,8.2,0.058,89,reviewed,us,us
2006-12-31T22:35:33.580Z,49.818,155.668,72.1,4.6,mb,109,97.6,,0.72,us,usp000f1ff,2014-11-07T01:31:13.748Z,"100 km SSW of Severo-Kuril’sk, Russia",earthquake,,6.8,,37,reviewed,us,us
1978-05-09T11:09:13.900Z,49.829,156.45,33,4.6,mb,,,,,us,usp0000ufb,2014-11-06T23:21:49.002Z,"96 km SSE of Severo-Kuril’sk, Russia",earthquake,,,,,reviewed,us,us
2008-02-08T14:09:57.110Z,49.927,156.58,65.3,4.6,mb,77,106.3,,1.05,us,usp000fyf1,2014-11-07T01:34:54.998Z,"89 km SSE of Severo-Kuril’sk, Russia",earthquake,,7.7,,29,reviewed,us,us
1977-08-01T10:50:06.700Z,49.988,155.972,33,4.6,mb,,,,,us,usp0000pyd,2014-11-06T23:21:43.259Z,"77 km S of Severo-Kuril’sk, Russia",earthquake,,,,,reviewed,us,us
2018-11-26T05:20:16.060Z,50.0268,156.1898,63.89,4.6,mb,,128,3.226,0.71,us,us1000hwkm,2019-02-09T19:02:09.040Z,"72 km S of Severo-Kuril’sk, Russia",earthquake,9.1,7.3,0.043,159,reviewed,us,us
1985-08-19T08:07:55.360Z,50.03,156.121,33,4.6,mb,,,,0.5,us,usp0002hx0,2014-11-07T00:37:01.937Z,"71 km S of Severo-Kuril’sk, Russia",earthquake,,,,13,reviewed,us,us
1989-05-04T04:52:51.830Z,50.038,156.999,40.7,4.6,mb,,,,1.3,us,usp0003uvp,2014-11-07T00:44:08.673Z,"94 km SE of Severo-Kuril’sk, Russia",earthquake,,,,14,reviewed,us,us
2021-03-06T15:25:45.321Z,50.0587,155.5273,99.73,4.6,mb,,167,3.34,0.47,us,us7000dgj8,2021-05-21T19:47:31.040Z,"80 km SSW of Severo-Kuril’sk, Russia",earthquake,12.2,9.8,0.069,63,reviewed,us,us
2007-02-19T04:21:56.910Z,50.066,155.465,128,4.6,mb,94,135,,0.74,us,usp000f54r,2014-11-07T01:31:39.787Z,"82 km SW of Severo-Kuril’sk, Russia",earthquake,,7.1,,40,reviewed,us,us
1983-05-14T16:06:45.810Z,50.189,155.1,33,4.6,mb,,,,1.5,us,usp0001vbg,2014-11-07T00:33:10.470Z,"90 km SW of Severo-Kuril’sk, Russia",earthquake,,,,4,reviewed,us,us
2021-04-18T00:34:25.190Z,50.2867,155.6802,126.12,4.6,mb,,159,3.092,0.49,us,us6000e3z1,2021-07-03T16:49:26.040Z,"53 km SW of Severo-Kuril’sk, Russia",earthquake,14.2,13.7,0.172,10,reviewed,us,us
2014-01-21T17:09:13.180Z,50.3242,156.6057,74.11,4.6,mb,,105,2.87,0.44,us,usc000micz,2014-03-22T00:05:28.000Z,"51 km SE of Severo-Kuril’sk, Russia",earthquake,,11.4,0.386,3,reviewed,us,us
2007-05-26T06:36:56.860Z,50.361,154.708,132.6,4.6,mb,83,134.6,,0.77,us,usp000fcsd,2014-11-07T01:32:31.992Z,"106 km WSW of Severo-Kuril’sk, Russia",earthquake,,,,38,reviewed,us,us
2004-02-24T17:32:49.000Z,50.365,156.509,65.4,4.6,mb,58,131.3,,0.96,us,usp000cn3g,2014-11-07T01:21:27.001Z,"43 km SE of Severo-Kuril’sk, Russia",earthquake,,,,21,reviewed,us,us
2019-02-28T20:45:02.340Z,50.3698,155.6102,141.81,4.6,mb,,175,3.034,0.72,us,us1000j8xe,2019-05-14T18:36:13.040Z,"49 km SW of Severo-Kuril’sk, Russia",earthquake,12,8.8,0.047,134,reviewed,us,us
1992-01-05T21:14:48.310Z,50.397,156.896,54.1,4.6,mb,,,,0.7,us,usp00051e8,2014-11-07T00:49:53.249Z,"62 km ESE of Severo-Kuril’sk, Russia",earthquake,,,,22,reviewed,us,us
1987-10-22T14:20:31.570Z,50.451,155.353,122.3,4.6,mb,,,,0.8,us,usp00039gj,2014-11-07T00:41:06.214Z,"60 km WSW of Severo-Kuril’sk, Russia",earthquake,,,,26,reviewed,us,us
1985-02-04T11:47:22.250Z,50.509,155.246,125.8,4.6,mb,,,,0.9,us,usp0002bmg,2014-11-07T00:36:08.498Z,"65 km WSW of Severo-Kuril’sk, Russia",earthquake,,,,19,reviewed,us,us
2012-07-30T01:29:21.190Z,50.609,156.269,96.7,4.6,mb,66,109.6,,0.71,us,usp000jpmp,2014-11-07T01:48:25.242Z,"12 km SE of Severo-Kuril’sk, Russia",earthquake,,5.2,,24,reviewed,us,us
2000-12-10T02:45:46.660Z,50.675,157.189,79.9,4.6,mb,70,,,1,us,usp000a5t8,2014-11-07T01:11:42.060Z,"75 km E of Severo-Kuril’sk, Russia",earthquake,,5.4,,27,reviewed,us,us
1996-08-30T14:38:07.850Z,50.693,157.015,49.5,4.6,mb,,,,0.92,us,usp0007p8c,2014-11-07T01:01:02.436Z,"62 km E of Severo-Kuril’sk, Russia",earthquake,,,,18,reviewed,us,us
1974-02-17T08:34:32.800Z,50.702,156.477,62,4.6,mb,,,,,us,usp00005b2,2014-11-06T23:21:22.881Z,"24 km E of Severo-Kuril’sk, Russia",earthquake,,,,,reviewed,us,us
2012-03-10T07:15:46.890Z,50.802,157.088,103.8,4.6,mb,52,110,,0.91,us,usp000jg15,2014-11-07T01:47:13.254Z,"69 km ENE of Severo-Kuril’sk, Russia",earthquake,,8.5,,34,reviewed,us,us
2007-10-25T01:45:07.030Z,50.846,155.92,151.6,4.6,mb,103,134.6,,0.71,us,usp000fr77,2014-11-07T01:33:59.104Z,"23 km NW of Severo-Kuril’sk, Russia",earthquake,,5.6,,50,reviewed,us,us
1988-06-24T03:24:08.390Z,50.892,157.252,33,4.6,mb,,,,1,us,usp0003h7v,2014-11-07T00:42:20.923Z,"82 km ENE of Severo-Kuril’sk, Russia",earthquake,,,,24,reviewed,us,us
2021-06-01T08:08:53.510Z,50.9904,156.345,147.99,4.6,mb,,118,2.484,0.71,us,us6000egit,2021-08-07T22:06:52.040Z,"38 km NNE of Severo-Kuril’sk, Russia",earthquake,9.4,5.8,0.027,424,reviewed,us,us
2015-01-22T15:47:50.010Z,51.0238,156.3014,138.16,4.6,mb,,144,2.258,0.88,us,usc000tkdr,2015-04-24T16:55:49.040Z,"40 km NNE of Severo-Kuril’sk, Russia",earthquake,12.5,8.8,0.095,34,reviewed,us,us
2013-06-21T02:21:17.750Z,51.1,156.691,141.5,4.6,mb,63,110,,0.71,us,usc000hwy0,2014-11-07T01:51:06.424Z,"46 km SSE of Ozernovskiy, Russia",earthquake,,6.2,,128,reviewed,us,us
1975-01-17T21:03:01.000Z,51.129,157.106,2,4.6,mb,,,,,us,usp00009j0,2014-11-06T23:21:28.443Z,"58 km SE of Ozernovskiy, Russia",earthquake,,,,,reviewed,us,us
2001-01-30T21:11:34.220Z,51.349,156.779,119.7,4.6,mb,15,,,0.79,us,usp000a8qq,2014-11-07T01:12:00.200Z,"25 km SE of Ozernovskiy, Russia",earthquake,,,,3,reviewed,us,us
2004-12-10T22:51:39.120Z,51.416,156.373,139.8,4.6,mb,120,131.8,,0.68,us,usp000daek,2014-11-07T01:24:15.689Z,"12 km SW of Ozernovskiy, Russia",earthquake,,5.2,,54,reviewed,us,us
2010-05-27T10:32:39.580Z,51.456,156.55,127.9,4.6,mb,44,167,,0.53,us,usp000hd7w,2014-11-07T01:41:33.273Z,"5 km SE of Ozernovskiy, Russia",earthquake,,5.7,,28,reviewed,us,us
1974-08-03T07:00:34.300Z,49.846,155.944,62,4.5,mb,,,,,us,usp00007fg,2014-11-06T23:21:25.642Z,"93 km S of Severo-Kuril’sk, Russia",earthquake,,,,,reviewed,us,us
2015-12-16T14:14:21.350Z,49.8594,155.7803,76.6,4.5,mb,,135,3.467,0.53,us,us20004hjl,2016-03-05T01:42:09.040Z,"94 km SSW of Severo-Kuril’sk, Russia",earthquake,11.2,8.3,0.108,25,reviewed,us,us
2012-04-17T10:49:23.960Z,49.865,155.725,77.1,4.5,mb,165,134.3,,0.71,us,usp000jj4e,2014-11-07T01:47:33.375Z,"94 km SSW of Severo-Kuril’sk, Russia",earthquake,,4.1,,118,reviewed,us,us
2020-02-15T07:06:00.195Z,49.8915,155.7118,102.31,4.5,mb,,125,3.452,0.79,us,us70007qrk,2020-05-02T22:09:52.040Z,"92 km SSW of Severo-Kuril’sk, Russia",earthquake,8.6,8.3,0.096,32,reviewed,us,us
2015-05-11T14:17:03.630Z,49.9462,156.5504,57.74,4.5,mb,,109,3.246,0.93,us,us20002ecm,2015-07-17T07:06:08.040Z,"86 km SSE of Severo-Kuril’sk, Russia",earthquake,9.8,6.3,0.076,51,reviewed,us,us
2004-04-27T07:17:11.370Z,50.01,156.452,46,4.5,mb,38,135.3,,0.92,us,usp000cths,2014-11-07T01:22:06.660Z,"77 km SSE of Severo-Kuril’sk, Russia",earthquake,,,,16,reviewed,us,us
1974-10-06T01:23:01.100Z,50.015,156.434,50,4.5,mb,,,,,us,usp000089s,2014-11-06T23:21:26.704Z,"76 km SSE of Severo-Kuril’sk, Russia",earthquake,,,,,reviewed,us,us
2008-07-11T16:40:52.380Z,50.058,155.214,127.2,4.5,mb,63,108.7,,0.86,us,usp000gbwu,2014-11-07T01:36:36.851Z,"94 km SW of Severo-Kuril’sk, Russia",earthquake,,5.6,,23,reviewed,us,us
2017-01-17T18:28:13.080Z,50.0876,156.0508,78.55,4.5,mb,,167,3.194,0.76,us,us10007trt,2017-04-12T02:28:59.040Z,"65 km S of Severo-Kuril’sk, Russia",earthquake,11.1,8.8,0.069,61,reviewed,us,us
2015-11-24T20:55:29.620Z,50.0877,156.9847,47.3,4.5,mb,,133,3.057,1.52,us,us100041pv,2016-02-18T04:48:53.040Z,"89 km SE of Severo-Kuril’sk, Russia",earthquake,5.7,8.8,0.15,15,reviewed,us,us
2013-04-13T21:23:13.490Z,50.175,157.077,150,4.5,mb,32,159.7,,1.24,us,usb000g6h0,2014-11-07T01:50:33.639Z,"87 km SE of Severo-Kuril’sk, Russia",earthquake,,10.8,,25,reviewed,us,us
2016-08-30T22:53:21.860Z,50.2297,155.4275,115.73,4.5,mb,,127,3.21,0.69,us,us10006iwl,2016-11-29T01:28:47.040Z,"70 km SW of Severo-Kuril’sk, Russia",earthquake,10.3,6.8,0.057,91,reviewed,us,us
2019-05-26T22:10:21.953Z,50.2772,156.5335,61.84,4.5,mb,,101,2.926,0.61,us,us60003sj7,2019-08-13T14:30:41.040Z,"52 km SSE of Severo-Kuril’sk, Russia",earthquake,10,6.3,0.046,142,reviewed,us,us
1977-09-05T19:02:45.000Z,50.285,157.054,66,4.5,mb,,,,,us,usp0000qha,2014-11-06T23:21:43.974Z,"78 km SE of Severo-Kuril’sk, Russia",earthquake,,,,,reviewed,us,us
2018-04-23T20:57:34.640Z,50.2987,156.7769,71.75,4.5,mb,,138,2.871,0.81,us,us1000dqx1,2018-07-25T21:36:10.040Z,"62 km SE of Severo-Kuril’sk, Russia",earthquake,11.6,7.8,0.07,60,reviewed,us,us
2007-09-02T21:00:49.890Z,50.335,155.545,147.6,4.5,mb,76,109.1,,0.61,us,usp000fma4,2014-11-07T01:33:29.563Z,"56 km SW of Severo-Kuril’sk, Russia",earthquake,,5.5,,40,reviewed,us,us
2017-10-31T14:23:57.150Z,50.4024,155.8863,117.96,4.5,mb,,98,2.934,0.89,us,us2000bkz1,2018-01-24T01:25:01.040Z,"34 km SSW of Severo-Kuril’sk, Russia",earthquake,11.1,6.7,0.131,18,reviewed,us,us
1998-04-07T15:34:19.490Z,50.502,155.482,136.8,4.5,mb,,,,1.08,us,usp0008jq0,2014-11-07T01:04:57.640Z,"49 km WSW of Severo-Kuril’sk, Russia",earthquake,,,,1,reviewed,us,us
1992-12-20T02:49:58.190Z,50.531,155.511,137,4.5,mb,,,,0.9,us,usp0005jhp,2014-11-07T00:52:03.566Z,"46 km WSW of Severo-Kuril’sk, Russia",earthquake,,,,30,reviewed,us,us
2005-06-09T11:30:41.740Z,50.638,157.147,49.5,4.5,mb,30,135.7,,0.86,us,usp000dsk6,2014-11-07T01:26:09.717Z,"72 km E of Severo-Kuril’sk, Russia",earthquake,,,,11,reviewed,us,us
2002-11-03T09:58:02.600Z,50.641,156.525,81.5,4.5,mb,66,,,0.92,us,usp000bfzd,2014-11-07T01:16:56.906Z,"28 km E of Severo-Kuril’sk, Russia",earthquake,,10,,30,reviewed,us,us
1993-07-17T07:05:55.830Z,50.647,156.584,66.4,4.5,mb,,,,1,us,usp0005wmz,2014-11-07T00:53:31.072Z,"32 km E of Severo-Kuril’sk, Russia",earthquake,,,,21,reviewed,us,us
2019-04-19T14:38:05.583Z,50.7961,156.1588,112.08,4.5,mb,,105,2.504,0.88,us,us7000396l,2019-06-26T20:54:56.040Z,"13 km N of Severo-Kuril’sk, Russia",earthquake,10.7,5.5,0.043,156,reviewed,us,us
1981-02-15T22:06:19.050Z,50.857,154.832,33,4.5,mb,,,,1.3,us,usp0001c75,2014-11-07T00:28:55.743Z,"93 km WNW of Severo-Kuril’sk, Russia",earthquake,,,,8,reviewed,us,us
2012-07-14T00:13:19.720Z,50.861,156.768,94.9,4.5,mb,27,186.8,,0.68,us,usp000jnzj,2014-11-07T01:48:19.694Z,"49 km ENE of Severo-Kuril’sk, Russia",earthquake,,13.1,,12,reviewed,us,us
1992-07-10T08:51:49.270Z,50.892,157.223,33,4.5,mb,,,,1,us,usp0005am6,2014-11-07T00:51:02.769Z,"80 km ENE of Severo-Kuril’sk, Russia",earthquake,,,,16,reviewed,us,us
2016-11-13T13:47:42.150Z,51.0079,156.7058,125.89,4.5,mb,,153,2.191,0.83,us,us10007dbv,2017-02-09T03:02:22.040Z,"55 km NE of Severo-Kuril’sk, Russia",earthquake,10.7,7.9,0.054,101,reviewed,us,us
2016-04-16T13:50:08.620Z,51.0281,157.2422,86.1,4.5,mb,,119,2.102,1.03,us,us20005j0a,2016-06-27T23:01:50.040Z,"73 km SE of Ozernovskiy, Russia",earthquake,9.3,7.1,0.065,69,reviewed,us,us
1991-06-05T09:35:46.590Z,51.036,157.055,77.3,4.5,mb,,,,1,us,usp0004sj0,2014-11-07T00:48:42.474Z,"64 km SE of Ozernovskiy, Russia",earthquake,,,,13,reviewed,us,us
2020-08-09T22:40:07.467Z,51.0455,156.4928,115.24,4.5,mb,,102,2.196,0.43,us,us6000bbm9,2020-10-21T22:04:02.040Z,"48 km NNE of Severo-Kuril’sk, Russia",earthquake,10.5,7.2,0.053,104,reviewed,us,us
1998-02-05T06:48:16.600Z,51.054,156.384,200,4.5,mb,,,,0.74,us,usp0008fft,2014-11-07T01:04:29.666Z,"45 km NNE of Severo-Kuril’sk, Russia",earthquake,,,,3,reviewed,us,us
2019-10-03T00:39:25.079Z,51.0542,157.0884,80.17,4.5,mb,,134,2.091,0.62,us,us70005q33,2019-12-27T15:50:01.040Z,"64 km SE of Ozernovskiy, Russia",earthquake,9.5,5.9,0.084,42,reviewed,us,us
2020-09-14T10:08:40.643Z,51.0578,157.1267,81.22,4.5,mb,,110,2.083,0.8,us,us7000bmyy,2020-11-21T20:10:41.040Z,"65 km SE of Ozernovskiy, Russia",earthquake,9.1,6.3,0.043,162,reviewed,us,us
1996-07-24T07:46:55.650Z,51.076,157.183,33,4.5,mb,,,,0.7,us,usp0007mhv,2014-11-07T01:00:50.112Z,"66 km SE of Ozernovskiy, Russia",earthquake,,,,26,reviewed,us,us
2007-08-11T21:46:54.380Z,51.134,155.207,210.8,4.5,mb,12,137.6,,0.95,us,usp000fjeh,2014-11-07T01:33:14.923Z,"82 km NW of Severo-Kuril’sk, Russia",earthquake,,11.9,,1,reviewed,us,us
1998-11-25T14:13:50.410Z,51.146,156.748,125,4.5,mb,,,,0.87,us,usp0008yqk,2014-11-07T01:06:29.253Z,"42 km SSE of Ozernovskiy, Russia",earthquake,,6.8,,10,reviewed,us,us
2015-05-07T04:27:51.890Z,51.3505,156.5496,125.37,4.5,mb,,95,1.897,0.43,us,us20002da2,2015-07-17T07:05:54.040Z,"16 km SSE of Ozernovskiy, Russia",earthquake,9.4,6.6,0.048,126,reviewed,us,us
2013-04-08T15:05:19.400Z,51.354,156.723,126.5,4.5,mb,64,153,,0.83,us,us2013ntah,2014-11-07T01:50:31.813Z,"22 km SE of Ozernovskiy, Russia",earthquake,,5.5,,53,reviewed,us,us
2016-03-24T11:02:47.630Z,51.4301,155.9106,173.72,4.5,mb,,111,2.008,0.77,us,us20005c76,2016-06-09T21:41:58.040Z,"41 km W of Ozernovskiy, Russia",earthquake,10.6,4.6,0.049,122,reviewed,us,us
1998-01-19T18:14:10.020Z,49.804,156.217,100,4.4,mb,,,,1.34,us,usp0008enk,2014-11-07T01:04:21.288Z,"97 km S of Severo-Kuril’sk, Russia",earthquake,,,,3,reviewed,us,us
2016-09-15T04:22:59.040Z,49.8131,156.2717,79.06,4.4,mb,,184,3.418,0.37,us,us10006ry7,2016-12-07T02:56:16.040Z,"96 km S of Severo-Kuril’sk, Russia",earthquake,8,9.9,0.12,20,reviewed,us,us
2007-03-22T11:11:24.510Z,49.842,156.059,78,4.4,mb,20,135.3,,0.82,us,usp000f75x,2014-11-07T01:31:54.689Z,"92 km S of Severo-Kuril’sk, Russia",earthquake,,10.4,,5,reviewed,us,us
2016-04-25T01:12:43.710Z,49.8528,156.2171,87.31,4.4,mb,,136,3.389,0.65,us,us20005lhf,2016-07-08T02:49:21.040Z,"91 km S of Severo-Kuril’sk, Russia",earthquake,10.4,6.9,0.079,46,reviewed,us,us
2016-08-03T05:33:53.540Z,49.8868,155.8979,67.55,4.4,mb,,158,3.416,0.59,us,us100069nf,2016-10-19T04:52:17.040Z,"89 km S of Severo-Kuril’sk, Russia",earthquake,12.6,11.8,0.13,17,reviewed,us,us
2018-03-03T00:45:24.880Z,49.9065,155.7068,67.37,4.4,mb,,164,3.439,0.54,us,us2000dbiz,2018-05-27T01:06:10.040Z,"90 km SSW of Severo-Kuril’sk, Russia",earthquake,11.5,9.1,0.05,117,reviewed,us,us
2019-04-07T22:30:00.384Z,50.0396,156.2166,83.79,4.4,mb,,169,3.209,0.54,us,us2000kbzp,2019-06-18T15:50:48.040Z,"71 km S of Severo-Kuril’sk, Russia",earthquake,11.8,9.8,0.067,64,reviewed,us,us
2000-09-12T08:11:47.100Z,50.072,155.177,126.3,4.4,mb,41,,,0.97,us,usp000a04c,2014-11-07T01:11:04.587Z,"95 km SW of Severo-Kuril’sk, Russia",earthquake,,6.5,,15,reviewed,us,us
2000-10-13T00:10:03.900Z,50.114,156.834,57.6,4.4,mb,20,,,1.19,us,usp000a1pk,2014-11-07T01:11:16.257Z,"80 km SE of Severo-Kuril’sk, Russia",earthquake,,,,3,reviewed,us,us
2019-09-24T18:50:13.169Z,50.1161,155.4887,129.73,4.4,mb,,105,3.298,1.01,us,us70005pwz,2019-12-20T19:04:11.040Z,"77 km SW of Severo-Kuril’sk, Russia",earthquake,8,9.3,0.117,23,reviewed,us,us
1995-11-21T12:27:09.700Z,50.122,155.122,102.4,4.4,mb,,,,0.6,us,usp0007773,2014-11-07T00:59:12.222Z,"94 km SW of Severo-Kuril’sk, Russia",earthquake,,,,16,reviewed,us,us
2007-06-07T20:40:15.030Z,50.138,156.287,36.1,4.4,mb,10,191.3,,0.67,us,usp000fdk5,2014-11-07T01:32:40.137Z,"60 km S of Severo-Kuril’sk, Russia",earthquake,,34.5,,2,reviewed,us,us
1984-06-16T11:30:22.230Z,50.161,155.658,80,4.4,mb,,,,1,us,usp0002527,2014-11-07T00:35:02.999Z,"66 km SSW of Severo-Kuril’sk, Russia",earthquake,,,,7,reviewed,us,us
2006-07-01T16:22:07.720Z,50.196,156.435,90,4.4,mb,46,144.6,,0.8,us,usp000emq6,2014-11-07T01:29:33.003Z,"57 km SSE of Severo-Kuril’sk, Russia",earthquake,,10.7,,22,reviewed,us,us
1981-04-17T10:17:20.190Z,50.239,156.566,33,4.4,mb,,,,0.8,us,usp0001d6s,2014-11-07T00:29:15.602Z,"57 km SSE of Severo-Kuril’sk, Russia",earthquake,,,,15,reviewed,us,us
2001-05-25T05:50:09.700Z,50.255,157.253,49.8,4.4,mb,19,,,1.12,us,usp000afgr,2014-11-07T01:12:50.595Z,"92 km ESE of Severo-Kuril’sk, Russia",earthquake,,,,7,reviewed,us,us
2011-10-01T05:00:11.670Z,50.257,156.737,64.1,4.4,mb,23,135.7,,0.77,us,usp000j8t2,2014-11-07T01:46:01.043Z,"63 km SE of Severo-Kuril’sk, Russia",earthquake,,11.1,,12,reviewed,us,us
1993-08-04T20:15:09.850Z,50.319,156.888,33,4.4,mb,,,,0.8,us,usp0005xyh,2014-11-07T00:53:39.615Z,"66 km SE of Severo-Kuril’sk, Russia",earthquake,,,,17,reviewed,us,us
2017-12-29T19:20:46.630Z,50.3201,155.9479,114.39,4.4,mb,,157,2.997,0.52,us,us1000bxty,2018-03-17T01:54:38.040Z,Kuril Islands,earthquake,10.9,8.7,0.063,75,reviewed,us,us
2003-06-22T11:00:04.080Z,50.336,155.14,126.6,4.4,mb,83,118.6,,0.84,us,usp000c0ky,2014-11-07T01:18:58.642Z,"79 km WSW of Severo-Kuril’sk, Russia",earthquake,,,,42,reviewed,us,us
2007-07-02T18:22:31.240Z,50.341,155.923,105.8,4.4,mb,35,134.9,,0.62,us,usp000ffac,2014-11-07T01:32:52.735Z,"39 km SSW of Severo-Kuril’sk, Russia",earthquake,,8.8,,12,reviewed,us,us
2007-08-20T16:17:17.770Z,50.359,155.621,112.8,4.4,mb,23,163.3,,0.63,us,usp000fka3,2014-11-07T01:33:19.895Z,"50 km SW of Severo-Kuril’sk, Russia",earthquake,,7,,7,reviewed,us,us
2008-01-01T02:11:00.760Z,50.387,155.051,63.3,4.4,mb,19,152.4,,1.07,us,usp000fvrn,2014-11-07T01:34:33.632Z,"82 km WSW of Severo-Kuril’sk, Russia",earthquake,,18.4,,6,reviewed,us,us
2019-04-07T21:24:39.593Z,50.4187,156.277,87.09,4.4,mb,,137,2.834,0.39,us,us2000kby1,2019-06-18T15:50:47.040Z,"30 km SSE of Severo-Kuril’sk, Russia",earthquake,11.6,6.4,0.098,30,reviewed,us,us
2002-08-20T05:43:21.790Z,50.423,156.736,59.3,4.4,mb,49,,,0.81,us,usp000ba8q,2014-11-07T01:16:17.973Z,"51 km ESE of Severo-Kuril’sk, Russia",earthquake,,,,14,reviewed,us,us
1999-07-15T02:42:41.890Z,50.444,157.011,50.1,4.4,mb,,,,0.89,us,usp0009bmn,2014-11-07T01:08:05.911Z,"67 km ESE of Severo-Kuril’sk, Russia",earthquake,,,,4,reviewed,us,us
1974-12-07T03:37:53.000Z,50.528,156.605,33,4.4,mb,,,,,us,usp0000911,2014-11-06T23:21:27.706Z,"37 km ESE of Severo-Kuril’sk, Russia",earthquake,,,,,reviewed,us,us
2015-05-14T20:21:41.590Z,50.553,157.0659,93,4.4,mb,,90,2.589,0.88,us,us10002bk8,2015-07-23T01:03:59.040Z,"67 km ESE of Severo-Kuril’sk, Russia",earthquake,12.2,7.4,0.115,22,reviewed,us,us
2000-12-20T22:05:14.050Z,50.571,157.25,60.4,4.4,mb,29,,,0.88,us,usp000a6f5,2014-11-07T01:11:45.336Z,"80 km E of Severo-Kuril’sk, Russia",earthquake,,14,,11,reviewed,us,us
2011-03-29T14:09:08.660Z,50.594,157.279,65.4,4.4,mb,12,138.3,,0.99,us,usp000hyvj,2014-11-07T01:44:22.062Z,"82 km E of Severo-Kuril’sk, Russia",earthquake,,17.8,,1,reviewed,us,us
2017-05-16T01:59:11.700Z,50.6121,157.1652,65.17,4.4,mb,,136,2.521,0.73,us,us10008sn4,2017-08-05T03:32:08.040Z,"73 km E of Severo-Kuril’sk, Russia",earthquake,7,7.2,0.059,82,reviewed,us,us
2019-07-20T00:22:35.096Z,50.6873,155.1994,155.09,4.4,mb,,118,2.876,0.59,us,us70004pgd,2019-10-04T16:37:24.040Z,"65 km W of Severo-Kuril’sk, Russia",earthquake,10.2,7.6,0.039,192,reviewed,us,us
2003-10-10T17:43:59.000Z,50.757,156.854,110.4,4.4,mb,66,134.9,,1.02,us,usp000ca35,2014-11-07T01:20:10.758Z,"52 km E of Severo-Kuril’sk, Russia",earthquake,,9.4,,32,reviewed,us,us
2007-04-29T22:55:49.130Z,50.766,157.283,96.8,4.4,mb,107,124.1,,0.93,us,usp000fawj,2014-11-07T01:32:18.501Z,"82 km E of Severo-Kuril’sk, Russia",earthquake,,7.1,,48,reviewed,us,us
2020-08-08T04:24:18.813Z,50.7806,156.9727,108.13,4.4,mb,,184,2.374,0.61,us,us6000be2v,2020-10-21T22:04:13.040Z,"60 km E of Severo-Kuril’sk, Russia",earthquake,8.3,9.6,0.127,18,reviewed,us,us
1974-11-07T15:01:24.600Z,50.857,156.326,33,4.4,mb,,,,,us,usp00008qb,2014-11-06T23:21:27.308Z,"24 km NE of Severo-Kuril’sk, Russia",earthquake,,,,,reviewed,us,us
2020-09-09T22:11:29.562Z,50.9339,156.7518,90.49,4.4,mb,,103,2.255,0.49,us,us7000bks0,2020-11-21T20:10:34.040Z,"52 km ENE of Severo-Kuril’sk, Russia",earthquake,9,6,0.086,39,reviewed,us,us
2006-01-27T04:05:12.740Z,50.947,155.925,140.4,4.4,mb,73,101.6,,0.72,us,usp000e8xp,2014-11-07T01:28:09.935Z,"33 km NNW of Severo-Kuril’sk, Russia",earthquake,,,,40,reviewed,us,us
2020-10-09T13:09:59.380Z,50.9471,156.2853,118.92,4.4,mb,,134,2.334,0.49,us,us6000c71c,2020-12-19T17:22:41.040Z,"32 km NNE of Severo-Kuril’sk, Russia",earthquake,10.8,8.1,0.08,45,reviewed,us,us
1998-02-26T08:16:49.090Z,50.968,156.645,33,4.4,mb,,,,0.73,us,usp0008gmd,2014-11-07T01:04:35.586Z,"48 km NE of Severo-Kuril’sk, Russia",earthquake,,,,1,reviewed,us,us
1991-03-19T23:04:04.170Z,51.001,156.191,130.4,4.4,mb,,,,0.6,us,usp0004p9h,2014-11-07T00:48:13.188Z,"36 km N of Severo-Kuril’sk, Russia",earthquake,,10.9,,7,reviewed,us,us
1981-03-13T04:42:57.220Z,51.009,157.172,33,4.4,mb,,,,0.9,us,usp0001cp5,2014-11-07T00:29:04.117Z,"71 km SE of Ozernovskiy, Russia",earthquake,,,,5,reviewed,us,us
2000-01-09T09:42:00.340Z,51.035,157.225,77.4,4.4,mb,,,,1.02,us,usp0009kya,2014-11-07T01:09:18.722Z,"near the east coast of the Kamchatka Peninsula, Russia",earthquake,,5.6,,13,reviewed,us,us
2014-05-25T10:10:53.530Z,51.0555,156.6098,107.94,4.4,mb,,110,2.163,0.69,us,usb000r3d3,2014-08-23T08:36:47.000Z,"49 km S of Ozernovskiy, Russia",earthquake,,5.7,0.057,103,reviewed,us,us
1993-02-24T19:22:51.940Z,51.075,156.473,119.4,4.4,mb,,,,1.1,us,usp0005nmp,2014-11-07T00:52:27.102Z,"46 km S of Ozernovskiy, Russia",earthquake,,5.8,,34,reviewed,us,us
2006-01-24T15:56:36.440Z,51.101,157.166,83.3,4.4,mb,68,111,,0.91,us,usp000e8t1,2014-11-07T01:28:09.282Z,"63 km SE of Ozernovskiy, Russia",earthquake,,6.3,,26,reviewed,us,us
2017-01-31T19:11:25.570Z,51.1241,156.2588,135.24,4.4,mb,,103,2.176,0.65,us,us10007whb,2017-04-27T01:38:40.040Z,"44 km SSW of Ozernovskiy, Russia",earthquake,6.3,7.2,0.055,97,reviewed,us,us
2000-09-21T15:19:15.620Z,51.232,156.134,126.5,4.4,mb,33,,,1.09,us,usp000a0mj,2014-11-07T01:11:06.647Z,"38 km SW of Ozernovskiy, Russia",earthquake,,6,,8,reviewed,us,us
1987-05-22T23:28:32.630Z,51.252,156.207,33,4.4,mb,,,,1.1,us,usp000356t,2014-11-07T00:40:25.873Z,"34 km SW of Ozernovskiy, Russia",earthquake,,,,11,reviewed,us,us
2018-10-07T02:13:17.010Z,51.3641,156.7839,116.06,4.4,mb,,137,1.835,0.72,us,us1000hb3c,2018-12-14T20:32:46.040Z,"24 km SE of Ozernovskiy, Russia",earthquake,8.4,7.5,0.124,21,reviewed,us,us
2019-05-28T05:14:33.505Z,49.8124,155.7366,75.06,4.3,mb,,186,3.521,0.62,us,us60003sy1,2019-08-24T21:17:28.040Z,"99 km SSW of Severo-Kuril’sk, Russia",earthquake,7.5,11.5,0.111,23,reviewed,us,us
2004-09-26T00:45:24.330Z,49.86,155.74,84.7,4.3,mb,29,137.6,,0.89,us,usp000d526,2014-11-07T01:23:33.571Z,"94 km SSW of Severo-Kuril’sk, Russia",earthquake,,8.9,,5,reviewed,us,us
2002-12-25T23:43:52.010Z,49.911,155.609,33,4.3,mb,23,,,1,us,usp000bme6,2014-11-07T01:17:25.928Z,"92 km SSW of Severo-Kuril’sk, Russia",earthquake,,,,5,reviewed,us,us
2005-11-29T22:41:08.300Z,49.944,155.79,84,4.3,mb,24,240.8,,0.7,us,usp000e56p,2014-11-07T01:27:45.071Z,"84 km SSW of Severo-Kuril’sk, Russia",earthquake,,19.6,,4,reviewed,us,us
1995-08-28T16:40:38.900Z,49.948,155.667,49.1,4.3,mb,,,,1,us,usp00072kd,2014-11-07T00:58:36.412Z,Kuril Islands,earthquake,,33.2,,11,reviewed,us,us
2000-09-18T17:23:57.330Z,49.975,155.863,77.7,4.3,mb,16,,,0.92,us,usp000a0fu,2014-11-07T01:11:05.940Z,"80 km SSW of Severo-Kuril’sk, Russia",earthquake,,8.6,,2,reviewed,us,us
2006-10-28T05:36:48.980Z,49.978,155.767,10,4.3,mb,10,137.6,,0.57,us,usp000ew5t,2014-11-07T01:30:38.440Z,"81 km SSW of Severo-Kuril’sk, Russia",earthquake,,,,2,reviewed,us,us
1995-04-30T23:27:56.960Z,50.063,155.567,76.9,4.3,mb,,,,0.9,us,usp0006wmy,2014-11-07T00:57:47.602Z,"78 km SSW of Severo-Kuril’sk, Russia",earthquake,,,,42,reviewed,us,us
2004-10-13T02:41:26.750Z,50.081,155.765,80.4,4.3,mb,26,164.2,,1.05,us,usp000d69s,2014-11-07T01:23:44.869Z,"70 km SSW of Severo-Kuril’sk, Russia",earthquake,,8.6,,7,reviewed,us,us
1998-12-27T21:41:38.040Z,50.118,156.639,100,4.3,mb,,,,1.2,us,usp000908t,2014-11-07T01:06:42.078Z,"71 km SSE of Severo-Kuril’sk, Russia",earthquake,,,,6,reviewed,us,us
2008-11-14T18:19:10.020Z,50.119,155.149,117.8,4.3,mb,31,130.8,,0.84,us,usp000gnpq,2014-11-07T01:37:44.227Z,"93 km SW of Severo-Kuril’sk, Russia",earthquake,,,,6,reviewed,us,us
2004-03-26T12:33:02.770Z,50.133,155.705,132,4.3,mb,27,131.4,,0.69,us,usp000cqxs,2014-11-07T01:21:47.181Z,"67 km SSW of Severo-Kuril’sk, Russia",earthquake,,8.4,,5,reviewed,us,us
2008-09-14T01:20:36.780Z,50.183,155.642,119.2,4.3,mb,26,137.5,,0.88,us,usp000gh0g,2014-11-07T01:37:11.892Z,"64 km SSW of Severo-Kuril’sk, Russia",earthquake,,,,10,reviewed,us,us
2020-05-15T15:18:12.736Z,50.4162,155.1064,142.68,4.3,mb,,128,3.14,0.58,us,us70009n6f,2020-08-02T00:31:21.040Z,"77 km WSW of Severo-Kuril’sk, Russia",earthquake,12.6,8.8,0.094,32,reviewed,us,us
1995-03-05T11:11:16.180Z,50.448,157.066,33,4.3,mb,,,,0.9,us,usp0006tuj,2014-11-07T00:57:28.475Z,"71 km ESE of Severo-Kuril’sk, Russia",earthquake,,,,16,reviewed,us,us
2001-04-22T15:20:57.270Z,50.486,156.874,75.5,4.3,mb,57,,,0.89,us,usp000adt4,2014-11-07T01:12:37.480Z,"56 km ESE of Severo-Kuril’sk, Russia",earthquake,,,,25,reviewed,us,us
2008-06-15T13:40:44.280Z,50.531,156.288,122.7,4.3,mb,53,130.2,,0.66,us,usp000g9qu,2014-11-07T01:36:21.708Z,"19 km SE of Severo-Kuril’sk, Russia",earthquake,,6.2,,22,reviewed,us,us
2005-01-23T21:32:20.850Z,50.541,156.398,63.9,4.3,mb,35,109.6,,1.25,us,usp000de4u,2014-11-07T01:24:43.530Z,"24 km SE of Severo-Kuril’sk, Russia",earthquake,,,,9,reviewed,us,us
2014-10-28T14:11:31.020Z,50.5822,156.3867,88.15,4.3,mb,,90,2.657,0.85,us,usb000sr3n,2015-01-17T01:25:43.040Z,Kuril Islands,earthquake,9.6,6.8,0.089,48,reviewed,us,us
1991-08-08T16:49:21.900Z,50.609,154.686,197.3,4.3,mb,,,,1,us,usp0004v4b,2014-11-07T00:49:04.199Z,"102 km W of Severo-Kuril’sk, Russia",earthquake,,22.4,,15,reviewed,us,us
2008-10-11T19:25:51.380Z,50.667,156.716,89.3,4.3,mb,29,131.1,,0.88,us,usp000gk0c,2014-11-07T01:37:27.582Z,"41 km E of Severo-Kuril’sk, Russia",earthquake,,7.9,,6,reviewed,us,us
2020-11-13T22:18:15.481Z,50.7149,157.0441,69.26,4.3,mb,,129,2.431,0.6,us,us7000cg7a,2021-01-27T17:30:17.040Z,"64 km E of Severo-Kuril’sk, Russia",earthquake,5.7,7.3,0.058,86,reviewed,us,us
2014-01-24T04:24:36.990Z,50.7461,156.48,103.55,4.3,mb,,110,2.483,0.73,us,usc000mk9t,2014-03-27T18:15:38.000Z,"26 km ENE of Severo-Kuril’sk, Russia",earthquake,,7.1,0.378,7,reviewed,us,us
2018-09-21T03:31:57.570Z,50.7665,155.6549,148.38,4.3,mb,,120,2.664,0.75,us,us1000h3c5,2018-11-27T15:51:55.040Z,"34 km WNW of Severo-Kuril’sk, Russia",earthquake,11,7.3,0.074,51,reviewed,us,us
2004-05-26T14:16:04.410Z,50.78,155.792,123.3,4.3,mb,30,119.9,,0.77,us,usp000cw9q,2014-11-07T01:22:24.440Z,"26 km WNW of Severo-Kuril’sk, Russia",earthquake,,8.3,,4,reviewed,us,us
2020-01-31T13:55:49.022Z,50.8174,157.0345,81.3,4.3,mb,,165,2.33,0.74,us,us60007lc3,2020-04-18T22:10:03.040Z,"65 km ENE of Severo-Kuril’sk, Russia",earthquake,10.2,6.8,0.088,36,reviewed,us,us
2016-04-24T06:10:37.720Z,50.8361,156.0818,136.15,4.3,mb,,165,2.485,0.65,us,us20005ld0,2016-07-08T02:49:20.040Z,"18 km N of Severo-Kuril’sk, Russia",earthquake,12.1,8.5,0.083,41,reviewed,us,us
2003-04-25T00:02:25.320Z,50.838,156.105,105.9,4.3,mb,82,120,,1.02,us,usp000bvwx,2014-11-07T01:18:25.858Z,"18 km N of Severo-Kuril’sk, Russia",earthquake,,,,41,reviewed,us,us
2014-05-03T22:30:05.810Z,50.8457,156.347,120.87,4.3,mb,,161,2.415,0.93,us,usb000q8na,2014-07-27T21:51:19.000Z,"24 km NE of Severo-Kuril’sk, Russia",earthquake,,6.2,0.072,60,reviewed,us,us
2007-02-07T00:07:09.120Z,50.847,157.028,76.4,4.3,mb,52,111.9,,0.82,us,usp000f4dc,2014-11-07T01:31:35.230Z,"66 km ENE of Severo-Kuril’sk, Russia",earthquake,,9.3,,21,reviewed,us,us
2000-03-18T02:26:45.130Z,50.919,156.158,151,4.3,mb,,,,1.12,us,usp0009puu,2014-11-07T01:09:42.856Z,"27 km N of Severo-Kuril’sk, Russia",earthquake,,5.4,,25,reviewed,us,us
2020-04-20T10:09:04.649Z,50.9418,156.5892,139.6,4.3,mb,,127,2.275,0.77,us,us60009bku,2020-07-09T14:31:35.040Z,"44 km NE of Severo-Kuril’sk, Russia",earthquake,9.9,7.4,0.071,57,reviewed,us,us
2019-06-03T08:39:56.889Z,50.9465,156.4217,119.22,4.3,mb,,127,2.304,0.68,us,us70003up0,2019-08-24T21:17:53.040Z,"36 km NE of Severo-Kuril’sk, Russia",earthquake,9.6,6.7,0.047,130,reviewed,us,us
2020-03-23T04:57:33.793Z,50.9635,156.9199,84.84,4.3,mb,,110,2.201,0.75,us,us70008ecl,2020-06-06T20:54:09.040Z,"64 km ENE of Severo-Kuril’sk, Russia",earthquake,12.4,7.3,0.091,34,reviewed,us,us
2020-01-06T20:54:20.339Z,50.9805,156.2101,136.62,4.3,mb,,110,2.32,0.93,us,us60007bhb,2020-03-21T17:13:28.040Z,"34 km N of Severo-Kuril’sk, Russia",earthquake,10.1,6.7,0.084,40,reviewed,us,us
1974-05-13T01:42:28.600Z,50.992,155.878,177,4.3,mb,,,,,us,usp00006b4,2014-11-06T23:21:24.192Z,"39 km NNW of Severo-Kuril’sk, Russia",earthquake,,,,,reviewed,us,us
2019-09-28T01:39:23.783Z,51.0161,157.0757,133.59,4.3,mb,,158,2.13,0.91,us,us70005s32,2019-12-20T19:04:29.040Z,"66 km SE of Ozernovskiy, Russia",earthquake,10.5,5.6,0.177,9,reviewed,us,us
1975-10-17T22:53:54.500Z,51.052,157.214,73,4.3,mb,,,,,us,usp0000d61,2014-11-06T23:21:32.280Z,"70 km SE of Ozernovskiy, Russia",earthquake,,,,,reviewed,us,us
2013-03-29T05:42:28.060Z,51.07,157.301,74.8,4.3,mb,132,110.4,,0.76,us,usb000fvgb,2014-11-07T01:50:24.642Z,"73 km SE of Ozernovskiy, Russia",earthquake,,5.2,,75,reviewed,us,us
1999-03-03T12:23:26.290Z,51.091,155.495,178.2,4.3,mb,,,,0.82,us,usp00093sj,2014-11-07T01:07:09.360Z,"64 km NW of Severo-Kuril’sk, Russia",earthquake,,31.5,,12,reviewed,us,us
2012-07-18T15:30:25.470Z,51.153,155.155,175.3,4.3,mb,46,157.7,,0.79,us,usp000jp5s,2014-11-07T01:48:21.045Z,"86 km NW of Severo-Kuril’sk, Russia",earthquake,,5.3,,32,reviewed,us,us
2005-11-03T17:56:32.400Z,51.19,156.072,125,4.3,mb,37,111,,1.13,us,usp000e3eb,2014-11-07T01:27:35.344Z,"45 km SW of Ozernovskiy, Russia",earthquake,,,,11,reviewed,us,us
2001-03-14T23:03:18.640Z,51.203,156.572,131,4.3,mb,26,,,0.99,us,usp000abdt,2014-11-07T01:12:21.159Z,"32 km S of Ozernovskiy, Russia",earthquake,,10.6,,8,reviewed,us,us
2004-07-09T17:09:20.540Z,51.219,156.561,123.1,4.3,mb,40,110.5,,0.8,us,usp000czv4,2014-11-07T01:22:52.465Z,"31 km S of Ozernovskiy, Russia",earthquake,,,,14,reviewed,us,us
2005-11-28T03:12:15.110Z,51.267,156.589,146.7,4.3,mb,28,126.1,,0.92,us,usp000e524,2014-11-07T01:27:44.620Z,"26 km SSE of Ozernovskiy, Russia",earthquake,,23.9,,10,reviewed,us,us
2006-03-30T20:47:48.390Z,51.288,156.545,136.3,4.3,mb,30,158.8,,0.81,us,usp000ed9t,2014-11-07T01:28:37.099Z,"23 km S of Ozernovskiy, Russia",earthquake,,9.8,,8,reviewed,us,us
2000-03-22T19:48:09.260Z,51.288,157.014,33,4.3,mb,,,,1.42,us,usp0009q1h,2014-11-07T01:09:44.173Z,"42 km ESE of Ozernovskiy, Russia",earthquake,,,,5,reviewed,us,us
2005-07-10T04:46:59.440Z,51.343,156.879,138.3,4.3,mb,23,127.2,,0.95,us,usp000duw7,2014-11-07T01:26:28.075Z,"31 km ESE of Ozernovskiy, Russia",earthquake,,9.5,,6,reviewed,us,us
1998-05-28T12:15:13.740Z,51.523,156.137,172.4,4.3,mb,,,,0.91,us,usp0008nvd,2014-11-07T01:05:16.487Z,"25 km W of Ozernovskiy, Russia",earthquake,,,,19,reviewed,us,us
2016-10-02T22:43:21.210Z,49.803,155.8956,76.61,4.2,mb,,170,3.496,0.67,us,us20007dn4,2017-01-03T21:10:42.040Z,"98 km S of Severo-Kuril’sk, Russia",earthquake,14.5,10.4,0.176,9,reviewed,us,us
2020-03-21T02:26:52.029Z,49.8185,156.2581,68.65,4.2,mb,,208,3.415,0.64,us,us70008h0x,2020-06-06T20:54:00.040Z,"95 km S of Severo-Kuril’sk, Russia",earthquake,11.5,8.4,0.102,27,reviewed,us,us
2002-04-06T23:20:04.290Z,49.977,156.452,83.8,4.2,mb,11,,,1.27,us,usp000b1w9,2014-11-07T01:15:22.034Z,"81 km SSE of Severo-Kuril’sk, Russia",earthquake,,21.3,,1,reviewed,us,us
2014-03-07T01:46:11.300Z,50.0313,156.8916,89.9,4.2,mb,,213,3.122,0.68,us,usc000nbin,2014-05-15T02:23:23.000Z,"89 km SE of Severo-Kuril’sk, Russia",earthquake,,9.6,0.373,5,reviewed,us,us
2016-11-11T10:42:55.070Z,50.0339,156.2718,136.87,4.2,mb,,184,3.205,1.25,us,us100079ay,2017-02-09T03:02:18.040Z,"72 km S of Severo-Kuril’sk, Russia",earthquake,15.1,12.8,0.2,7,reviewed,us,us
2018-11-10T22:39:15.110Z,50.0951,156.7907,10,4.2,mb,,180,3.07,0.46,us,us1000hsua,2019-01-21T16:42:56.040Z,"79 km SE of Severo-Kuril’sk, Russia",earthquake,11.7,2,0.199,7,reviewed,us,us
2019-12-28T06:16:58.913Z,50.1625,155.5531,113.68,4.2,mb,,153,3.238,0.55,us,us70006z82,2020-03-14T22:24:02.040Z,"70 km SW of Severo-Kuril’sk, Russia",earthquake,12.5,7.9,0.132,16,reviewed,us,us
2018-10-08T02:25:13.390Z,50.2016,156.12,103.37,4.2,mb,,85,3.072,0.5,us,us1000hb5f,2018-12-21T21:15:50.040Z,"52 km S of Severo-Kuril’sk, Russia",earthquake,13.1,8.4,0.108,24,reviewed,us,us
2020-11-19T08:11:36.626Z,50.2392,155.7922,129.53,4.2,mb,,127,3.108,0.5,us,us6000crnm,2021-02-03T17:50:21.040Z,"54 km SSW of Severo-Kuril’sk, Russia",earthquake,11,7.3,0.121,19,reviewed,us,us
2008-10-24T08:42:19.290Z,50.28,155.901,136.5,4.2,mb,18,131,,0.72,us,usp000gkxn,2014-11-07T01:37:32.014Z,"46 km SSW of Severo-Kuril’sk, Russia",earthquake,,8.9,,1,reviewed,us,us
1997-12-25T19:53:46.630Z,50.302,155.458,200,4.2,mb,,,,0.94,us,usp0008d6q,2014-11-07T01:04:10.369Z,"63 km SW of Severo-Kuril’sk, Russia",earthquake,,,,5,reviewed,us,us
2017-02-19T18:10:28.590Z,50.3044,157.0826,79.72,4.2,mb,,249,2.834,0.73,us,us100085rq,2017-05-17T01:19:32.040Z,"79 km ESE of Severo-Kuril’sk, Russia",earthquake,15.1,14.3,0.141,14,reviewed,us,us
2004-12-04T10:12:07.970Z,50.349,155.721,121.9,4.2,mb,21,134.9,,0.76,us,usp000d9yt,2014-11-07T01:24:13.202Z,"46 km SW of Severo-Kuril’sk, Russia",earthquake,,11.6,,5,reviewed,us,us
2017-05-19T14:00:53.570Z,50.3577,155.7375,37.12,4.2,mb,,181,3.012,1.01,us,us10008tjp,2017-08-05T03:32:12.040Z,"44 km SW of Severo-Kuril’sk, Russia",earthquake,6.5,15.6,0.128,17,reviewed,us,us
2014-01-09T21:19:26.830Z,50.3621,156.9332,51.91,4.2,mb,,138,2.791,0.76,us,usb000m7dr,2014-03-15T03:38:50.000Z,"66 km ESE of Severo-Kuril’sk, Russia",earthquake,,8.9,0.108,25,reviewed,us,us
2001-03-23T12:18:27.920Z,50.42,155.697,105.2,4.2,mb,27,,,1.1,us,usp000abx4,2014-11-07T01:12:24.382Z,"41 km SW of Severo-Kuril’sk, Russia",earthquake,,,,10,reviewed,us,us
2008-09-07T15:26:33.880Z,50.431,155.137,143.2,4.2,mb,21,109.2,,0.89,us,usp000ggks,2014-11-07T01:37:08.736Z,"75 km WSW of Severo-Kuril’sk, Russia",earthquake,,7.6,,2,reviewed,us,us
2008-05-08T00:50:32.320Z,50.448,155.176,136.3,4.2,mb,87,128.7,,0.76,us,usp000g5tr,2014-11-07T01:35:53.175Z,Kuril Islands,earthquake,,5.4,,35,reviewed,us,us
2001-05-19T13:17:25.430Z,50.47,156.005,133.8,4.2,mb,41,,,0.94,us,usp000af6m,2014-11-07T01:12:49.051Z,"24 km SSW of Severo-Kuril’sk, Russia",earthquake,,9,,15,reviewed,us,us
2016-02-22T13:39:02.980Z,50.5166,156.0791,128.63,4.2,mb,,136,2.783,0.7,us,us10004smc,2016-05-03T23:44:17.040Z,"17 km S of Severo-Kuril’sk, Russia",earthquake,11.9,8.1,0.08,43,reviewed,us,us
2019-08-08T19:36:34.487Z,50.5641,156.6672,133.64,4.2,mb,,173,2.627,0.85,us,us600055w5,2019-10-29T20:33:44.040Z,"40 km ESE of Severo-Kuril’sk, Russia",earthquake,14.3,5.7,0.089,35,reviewed,us,us
2001-05-15T15:15:29.850Z,50.57,156.058,150,4.2,mb,34,,,1.06,us,usp000aezk,2014-11-07T01:12:47.893Z,"12 km SSW of Severo-Kuril’sk, Russia",earthquake,,,,16,reviewed,us,us
2006-08-28T12:16:51.320Z,50.61,156.157,94.6,4.2,mb,17,134.8,,1.14,us,usp000eryj,2014-11-07T01:30:02.749Z,"7 km SSE of Severo-Kuril’sk, Russia",earthquake,,,,4,reviewed,us,us
1995-10-04T23:42:50.390Z,50.707,157.428,79.1,4.2,mb,,,,1.1,us,usp00074h3,2014-11-07T00:58:53.811Z,"92 km E of Severo-Kuril’sk, Russia",earthquake,,,,13,reviewed,us,us
2008-09-07T01:14:06.570Z,50.769,156.422,109.3,4.2,mb,15,135.4,,0.86,us,usp000ggjr,2014-11-07T01:37:08.532Z,"23 km ENE of Severo-Kuril’sk, Russia",earthquake,,15.6,,6,reviewed,us,us
1974-03-12T03:42:35.300Z,50.787,155.429,164,4.2,mb,,,,,us,usp00005ke,2014-11-06T23:21:23.306Z,"50 km WNW of Severo-Kuril’sk, Russia",earthquake,,,,,reviewed,us,us
2000-04-12T09:31:25.960Z,50.9,156.414,120.3,4.2,mb,,,,1.14,us,usp0009r6g,2014-11-07T01:09:53.176Z,"32 km NE of Severo-Kuril’sk, Russia",earthquake,,5.3,,20,reviewed,us,us
2016-04-26T18:22:50.310Z,50.9088,156.362,116.5,4.2,mb,,135,2.352,1.1,us,us10005e21,2016-07-08T02:49:24.040Z,"30 km NNE of Severo-Kuril’sk, Russia",earthquake,10.6,4.5,0.103,30,reviewed,us,us
2000-09-20T00:33:54.810Z,50.935,155.73,151.5,4.2,mb,16,,,1.22,us,usp000a0j1,2014-11-07T01:11:06.279Z,"40 km NW of Severo-Kuril’sk, Russia",earthquake,,11.7,,2,reviewed,us,us
2008-12-02T14:40:18.120Z,50.94,157.137,59.6,4.2,mb,17,134.9,,0.99,us,usp000gptq,2014-11-07T01:37:52.443Z,"76 km SE of Ozernovskiy, Russia",earthquake,,,,3,reviewed,us,us
2018-05-22T22:33:06.460Z,50.957,156.5619,135.74,4.2,mb,,156,2.266,1.05,us,us1000ec14,2018-08-21T21:23:51.040Z,"43 km NE of Severo-Kuril’sk, Russia",earthquake,12.2,7.3,0.152,12,reviewed,us,us
2004-08-14T02:15:40.420Z,50.975,156.092,145,4.2,mb,34,137.3,,0.68,us,usp000d23u,2014-11-07T01:23:12.439Z,"33 km N of Severo-Kuril’sk, Russia",earthquake,,8.1,,6,reviewed,us,us
2002-11-28T13:47:56.800Z,51.033,157.254,72.5,4.2,mb,41,,,1.03,us,usp000bjmk,2014-11-07T01:17:12.024Z,"73 km SE of Ozernovskiy, Russia",earthquake,,9.5,,14,reviewed,us,us
2021-07-29T07:05:15.455Z,51.0497,155.6778,172.86,4.2,mb,,151,2.409,0.9,us,us6000f2fj,2021-08-08T11:33:36.040Z,"52 km NW of Severo-Kuril’sk, Russia",earthquake,8.2,7.4,0.141,14,reviewed,us,us
2019-08-19T13:54:44.422Z,51.0787,156.2628,134.65,4.2,mb,,134,2.217,0.57,us,us700058gw,2019-11-02T15:26:24.040Z,"45 km NNE of Severo-Kuril’sk, Russia",earthquake,9.9,6.5,0.096,30,reviewed,us,us
2021-06-02T09:38:15.393Z,51.1574,156.8287,94.69,4.2,mb,,163,2.18,0.34,us,us6000egwz,2021-08-07T22:07:11.040Z,"44 km SSE of Ozernovskiy, Russia",earthquake,11.1,9.5,0.086,39,reviewed,us,us
1996-05-27T20:05:45.890Z,51.165,156.411,101,4.2,mb,,,,1,us,usp0007hv7,2014-11-07T01:00:29.354Z,"37 km S of Ozernovskiy, Russia",earthquake,,,,26,reviewed,us,us
2015-09-16T18:43:57.480Z,51.2507,156.5519,134.67,4.2,mb,,166,1.99,0.61,us,us10003it0,2015-12-12T00:42:56.040Z,"27 km S of Ozernovskiy, Russia",earthquake,15,9.9,0.113,22,reviewed,us,us
2014-06-01T04:38:51.260Z,51.284,156.9649,132.91,4.2,mb,,165,1.882,0.48,us,usc000rhdm,2014-08-26T01:21:08.000Z,"39 km SE of Ozernovskiy, Russia",earthquake,,8.4,0.304,6,reviewed,us,us
2017-07-22T19:50:42.120Z,51.2996,155.1213,214.05,4.2,mb,,120,2.407,0.65,us,us20009zuk,2017-10-11T01:04:03.040Z,"98 km WSW of Ozernovskiy, Russia",earthquake,10.3,7.4,0.065,67,reviewed,us,us
2017-01-12T10:53:44.670Z,51.3674,156.5089,123.94,4.2,mb,,165,1.89,0.5,us,us10007vrt,2017-04-01T00:26:10.040Z,"14 km S of Ozernovskiy, Russia",earthquake,14.1,10.5,0.075,50,reviewed,us,us
1995-11-09T09:07:52.080Z,49.816,155.841,100,4.1,mb,,,,1.1,us,usp00076hj,2014-11-07T00:59:08.699Z,"97 km SSW of Severo-Kuril’sk, Russia",earthquake,,,,14,reviewed,us,us
2021-02-17T00:44:18.106Z,49.8426,156.1707,32.22,4.1,mb,,199,3.407,0.96,us,us6000dke9,2021-04-23T21:04:49.040Z,"92 km S of Severo-Kuril’sk, Russia",earthquake,14.2,12.9,0.198,7,reviewed,us,us
2000-05-18T16:47:16.110Z,49.925,156.065,75.5,4.1,mb,,,,1.07,us,usp0009t4x,2014-11-07T01:10:10.134Z,"83 km S of Severo-Kuril’sk, Russia",earthquake,,7.6,,5,reviewed,us,us
2020-02-23T07:42:56.882Z,49.9939,155.9234,83.93,4.1,mb,,138,3.309,0.46,us,us70007v3e,2020-05-09T21:41:13.040Z,"77 km S of Severo-Kuril’sk, Russia",earthquake,5.8,9.1,0.135,15,reviewed,us,us
1996-10-18T22:21:03.540Z,50.07,155.328,100,4.1,mb,,,,0.85,us,usp0007rmq,2014-11-07T01:01:23.775Z,"88 km SW of Severo-Kuril’sk, Russia",earthquake,,,,2,reviewed,us,us
2002-07-13T07:13:19.890Z,50.072,156.072,48,4.1,mb,16,,,1.37,us,usp000b80x,2014-11-07T01:16:03.590Z,"67 km S of Severo-Kuril’sk, Russia",earthquake,,,,2,reviewed,us,us
2002-06-17T00:45:49.720Z,50.075,155.374,100,4.1,mb,22,,,1.01,us,usp000b6ac,2014-11-07T01:15:50.728Z,"85 km SW of Severo-Kuril’sk, Russia",earthquake,,,,9,reviewed,us,us
2011-08-22T00:47:58.350Z,50.081,156.625,68.8,4.1,mb,26,109,,0.55,us,usp000j6ug,2014-11-07T01:45:40.723Z,"75 km SSE of Severo-Kuril’sk, Russia",earthquake,,9.8,,13,reviewed,us,us
2005-03-24T03:18:56.060Z,50.123,156.185,54.9,4.1,mb,12,132.7,,1.12,us,usp000djxm,2014-11-07T01:25:18.342Z,"61 km S of Severo-Kuril’sk, Russia",earthquake,,18.3,,3,reviewed,us,us
2002-01-07T00:21:47.780Z,50.157,155.995,100,4.1,mb,24,,,0.69,us,usp000avz2,2014-11-07T01:14:39.257Z,Kuril Islands,earthquake,,,,13,reviewed,us,us
2021-01-05T14:34:20.766Z,50.2279,155.1981,159.67,4.1,mb,,163,3.277,0.48,us,us7000d09m,2021-03-13T23:00:23.040Z,"82 km SW of Severo-Kuril’sk, Russia",earthquake,6.8,8.4,0.123,18,reviewed,us,us
2005-07-01T02:46:22.460Z,50.35,155.169,127,4.1,mb,22,109.6,,0.5,us,usp000du98,2014-11-07T01:26:20.751Z,"76 km WSW of Severo-Kuril’sk, Russia",earthquake,,15.3,,10,reviewed,us,us
2002-07-25T06:18:25.720Z,50.392,154.896,148.5,4.1,mb,24,,,1.13,us,usp000b8r9,2014-11-07T01:16:06.642Z,"92 km WSW of Severo-Kuril’sk, Russia",earthquake,,14.4,,7,reviewed,us,us
2003-05-16T18:37:38.500Z,50.467,155.337,137.6,4.1,mb,42,137.3,,0.84,us,usp000bxbu,2014-11-07T01:18:37.286Z,"60 km WSW of Severo-Kuril’sk, Russia",earthquake,,11.3,,11,reviewed,us,us
2008-03-15T10:03:26.040Z,50.481,156.717,68.8,4.1,mb,21,110.1,,0.97,us,usp000g1hk,2014-11-07T01:35:15.640Z,"47 km ESE of Severo-Kuril’sk, Russia",earthquake,,8.6,,1,reviewed,us,us
2013-04-20T17:28:49.700Z,50.602,157.136,82.4,4.1,mb,22,138,,1.47,us,usp000k0bw,2014-11-07T01:50:36.836Z,"71 km E of Severo-Kuril’sk, Russia",earthquake,,7.3,,10,reviewed,us,us
2018-05-17T19:33:07.930Z,50.6417,156.5238,104.48,4.1,mb,,291,2.575,0.49,us,us1000e9su,2018-08-15T19:46:56.040Z,"28 km E of Severo-Kuril’sk, Russia",earthquake,7.8,12.3,0.085,38,reviewed,us,us
1996-03-17T18:31:21.890Z,50.67,156.11,92,4.1,mb,,,,1,us,usp0007exc,2014-11-07T01:00:07.017Z,"1 km WSW of Severo-Kuril’sk, Russia",earthquake,,,,17,reviewed,us,us
2020-10-18T07:35:00.542Z,50.8618,156.1481,115.52,4.1,mb,,165,2.445,0.68,us,us6000cbgl,2020-12-29T23:07:34.040Z,"20 km N of Severo-Kuril’sk, Russia",earthquake,7.6,8.5,0.145,13,reviewed,us,us
2006-07-02T18:31:32.690Z,50.943,156.786,105.3,4.1,mb,11,127.7,,0.9,us,usp000emsp,2014-11-07T01:29:34.395Z,"55 km ENE of Severo-Kuril’sk, Russia",earthquake,,19.7,,3,reviewed,us,us
1996-10-07T16:22:06.940Z,50.983,156.981,100,4.1,mb,,,,0.93,us,usp0007r2d,2014-11-07T01:01:20.366Z,"66 km SSE of Ozernovskiy, Russia",earthquake,,,,3,reviewed,us,us
2020-12-10T12:32:22.930Z,51.0125,156.3027,148.56,4.1,mb,,155,2.269,0.6,us,us7000craa,2021-02-20T16:12:18.040Z,"39 km NNE of Severo-Kuril’sk, Russia",earthquake,10.3,5.6,0.145,13,reviewed,us,us
2003-08-15T19:57:15.090Z,51.189,156.824,112.1,4.1,mb,11,128,,1.07,us,usp000c506,2014-11-07T01:19:31.806Z,"40 km SSE of Ozernovskiy, Russia",earthquake,,13.9,,1,reviewed,us,us
1995-05-05T18:33:32.040Z,51.381,156.406,100,4.1,mb,,,,0.9,us,usp0006wxr,2014-11-07T00:57:53.185Z,"14 km SSW of Ozernovskiy, Russia",earthquake,,,,16,reviewed,us,us
2004-09-19T00:08:22.000Z,49.929,155.748,51.5,4,mb,12,162,,0.71,us,usp000d4kz,2014-11-07T01:23:30.893Z,"87 km SSW of Severo-Kuril’sk, Russia",earthquake,,14,,3,reviewed,us,us
1997-05-16T13:24:00.730Z,49.983,155.173,102.1,4,mb,,,,0.93,us,usp00082cp,2014-11-07T01:02:47.230Z,"102 km SW of Severo-Kuril’sk, Russia",earthquake,,,,2,reviewed,us,us
2019-02-20T17:13:50.080Z,50.0633,155.0361,132.13,4,mb,,195,3.724,0.37,us,us1000j9dp,2019-05-11T17:40:30.040Z,"103 km SW of Severo-Kuril’sk, Russia",earthquake,11.7,14.4,0.11,22,reviewed,us,us
2008-01-04T18:10:40.810Z,50.453,155.877,136.1,4,mb,18,160,,1.02,us,usp000fvz5,2014-11-07T01:34:36.660Z,"30 km SW of Severo-Kuril’sk, Russia",earthquake,,13.1,,5,reviewed,us,us
1999-02-27T06:59:05.970Z,50.474,155.244,200,4,mb,,,,0.92,us,usp00093hu,2014-11-07T01:07:05.395Z,"66 km WSW of Severo-Kuril’sk, Russia",earthquake,,,,1,reviewed,us,us
1995-11-17T05:14:13.900Z,50.604,156.292,33,4,mb,,,,1,us,usp0007701,2014-11-07T00:59:11.479Z,"14 km SE of Severo-Kuril’sk, Russia",earthquake,,,,3,reviewed,us,us
2005-07-10T07:37:25.870Z,50.804,155.147,148.3,4,mb,9,229.6,,0.43,us,usp000duwd,2014-11-07T01:26:28.086Z,"70 km WNW of Severo-Kuril’sk, Russia",earthquake,,21,,1,reviewed,us,us
2003-11-07T04:15:07.330Z,50.888,157.17,66.4,4,mb,15,105,,1.23,us,usp000cc8r,2014-11-07T01:20:25.497Z,"77 km ENE of Severo-Kuril’sk, Russia",earthquake,,,,2,reviewed,us,us
2003-02-02T06:52:49.700Z,51.005,157.057,82.5,4,mb,23,,,1.31,us,usp000bptm,2014-11-07T01:17:43.821Z,"67 km SE of Ozernovskiy, Russia",earthquake,,14.1,,4,reviewed,us,us
2007-05-01T05:06:42.460Z,49.854,155.585,61.7,3.9,mb,9,190.9,,0.85,us,usp000fazy,2014-11-07T01:32:21.476Z,"99 km SSW of Severo-Kuril’sk, Russia",earthquake,,14.8,,2,reviewed,us,us
1997-02-08T02:23:42.980Z,49.887,156.017,51.6,3.9,mb,,,,1.03,us,usp0007wxm,2014-11-07T01:02:07.446Z,"88 km S of Severo-Kuril’sk, Russia",earthquake,,,,1,reviewed,us,us
1998-05-01T06:49:53.530Z,49.928,156.174,100,3.9,mb,,,,0.49,us,usp0008m7y,2014-11-07T01:05:07.599Z,"83 km S of Severo-Kuril’sk, Russia",earthquake,,,,3,reviewed,us,us
1998-01-30T02:16:58.490Z,50.07,155.091,33,3.9,mb,,,,1.16,us,usp0008f6d,2014-11-07T01:04:23.943Z,"99 km SW of Severo-Kuril’sk, Russia",earthquake,,,,2,reviewed,us,us
2006-09-19T01:11:52.780Z,50.181,156.111,35,3.9,mb,10,164.4,,0.38,us,usp000etcg,2014-11-07T01:30:15.038Z,"54 km S of Severo-Kuril’sk, Russia",earthquake,,,,3,reviewed,us,us
2005-11-08T10:52:59.210Z,50.196,155.935,102.2,3.9,mb,9,166.7,,0.49,us,usp000e3rt,2014-11-07T01:27:37.141Z,Kuril Islands,earthquake,,13.8,,1,reviewed,us,us
2000-02-18T16:42:32.810Z,50.285,155.124,138.7,3.9,mb,,,,0.96,us,usp0009nn2,2014-11-07T01:09:31.532Z,"83 km WSW of Severo-Kuril’sk, Russia",earthquake,,7.4,,1,reviewed,us,us
2001-04-15T07:55:06.450Z,50.478,156.054,132.8,3.9,mb,21,,,1.01,us,usp000ad9f,2014-11-07T01:12:35.000Z,"22 km SSW of Severo-Kuril’sk, Russia",earthquake,,12.2,,5,reviewed,us,us
2007-11-25T21:06:47.880Z,50.793,156.384,130.4,3.9,mb,34,126.4,,0.95,us,usp000ft9y,2014-11-07T01:34:14.740Z,"22 km NE of Severo-Kuril’sk, Russia",earthquake,,7.9,,4,reviewed,us,us
1999-07-06T06:52:34.260Z,49.874,156.3,70.5,3.8,mb,,,,1.13,us,usp0009b57,2014-11-07T01:08:03.382Z,"89 km S of Severo-Kuril’sk, Russia",earthquake,,,,2,reviewed,us,us
2008-05-03T13:39:33.630Z,50.095,155.762,125.8,3.8,mb,9,190.5,,1.13,us,usp000g5dr,2014-11-07T01:35:50.538Z,"69 km SSW of Severo-Kuril’sk, Russia",earthquake,,16.5,,3,reviewed,us,us
1999-11-22T06:28:48.620Z,50.347,157.084,89,3.8,mb,,,,1.05,us,usp0009hz6,2014-11-07T01:08:59.576Z,"77 km ESE of Severo-Kuril’sk, Russia",earthquake,,9.5,,2,reviewed,us,us
1999-05-09T13:38:13.070Z,50.015,156.178,96.2,3.7,mb,,,,0.91,us,usp00097nq,2014-11-07T01:07:39.128Z,"73 km S of Severo-Kuril’sk, Russia",earthquake,,9.2,,1,reviewed,us,us
2006-01-10T16:51:42.320Z,50.143,155.746,90.7,3.7,mb,8,185.5,,1.17,us,usp000e7zt,2014-11-07T01:28:05.581Z,"65 km SSW of Severo-Kuril’sk, Russia",earthquake,,13.1,,1,reviewed,us,us
2000-05-06T16:26:27.020Z,50.271,156.7,62.3,3.7,mb,,,,1.05,us,usp0009sga,2014-11-07T01:10:04.529Z,"60 km SE of Severo-Kuril’sk, Russia",earthquake,,,,2,reviewed,us,us
1999-02-26T00:27:47.040Z,50.346,156.365,33,3.7,mb,,,,0.54,us,usp00093f4,2014-11-07T01:07:05.139Z,"40 km SSE of Severo-Kuril’sk, Russia",earthquake,,,,1,reviewed,us,us
2004-06-13T10:19:02.340Z,50.733,157.36,84.2,3.7,mb,11,159.9,,1.28,us,usp000cxun,2014-11-07T01:22:37.458Z,"87 km E of Severo-Kuril’sk, Russia",earthquake,,17.1,,1,reviewed,us,us
1994-08-27T14:56:28.960Z,51.035,155.871,119.7,3.7,mb,,,,0.8,us,usp0006hjt,2014-11-07T00:56:07.772Z,"43 km NNW of Severo-Kuril’sk, Russia",earthquake,,44.1,,4,reviewed,us,us
1996-03-03T07:38:35.980Z,51.205,156.891,33,3.7,mb,,,,1.2,us,usp0007e99,2014-11-07T01:00:02.785Z,"42 km SE of Ozernovskiy, Russia",earthquake,,,,7,reviewed,us,us
1996-04-22T10:39:44.180Z,50.948,156.174,204.7,3.6,mb,,,,0.9,us,usp0007gfn,2014-11-07T01:00:18.590Z,"30 km N of Severo-Kuril’sk, Russia",earthquake,,50.9,,8,reviewed,us,us
1999-11-26T23:49:56.200Z,50.415,156.801,66,3.5,mb,,,,1.07,us,usp0009j5u,2014-11-07T01:09:00.849Z,"55 km ESE of Severo-Kuril’sk, Russia",earthquake,,12.1,,1,reviewed,us,us
1996-03-08T04:10:20.660Z,51.199,155.68,200,3.5,mb,,,,1,us,usp0007efc,2014-11-07T01:00:04.795Z,"66 km WSW of Ozernovskiy, Russia",earthquake,,,,9,reviewed,us,us
1998-02-03T21:01:26.130Z,50.53,156.899,33,3.4,mb,,,,0.79,us,usp0008fd1,2014-11-07T01:04:28.589Z,"56 km ESE of Severo-Kuril’sk, Russia",earthquake,,,,1,reviewed,us,us
1997-02-19T06:19:09.400Z,51.34,156.613,115.4,2.9,mb,,,,0.82,us,usp0007xfm,2014-11-07T01:02:09.919Z,"19 km SSE of Ozernovskiy, Russia",earthquake,,,,1,reviewed,us,us
1997-02-19T06:19:09.400Z,50.68,156.02,,8,,,,,,,,,Ebeko volcano,earthquake,,,,,,,
